"","LIB","Sample","PInumber","ISnum","WASAP","PlantName","Population","DuplicateLIBdecision","FilterMissing","Proportion.Missing","Proportion.Heterozygous","InbreedCoefficent","Kmeans_cluster","Germplasm","BotanicalType","CountryOrigin","Region","lat","lon","Elevation","Latitude"
"1","IFDN","PI300118","PI300118",NA,NA,"294","BAP",NA,NA,0.1777857025,0.03737287959,1.75681,12,NA,NA,"South Africa",NA,-30.559483,22.937506,564,-30.559483
"2","IFDP","PI300119","PI300119",NA,NA,"329","BAP",NA,NA,0.1772434596,0.03931769967,1.780794,12,"Wild",NA,"South Africa",NA,-30.559483,22.937506,396,-30.559483
"3","INML","PI365512_1130","PI365512",NA,NA,"1130","BAP",NA,NA,0.07418099585,0.01111981396,1.125594,8,NA,"Caudatum","KwaZulu-Natal,South Africa",NA,-30.559483,22.937506,400,-30.559483
"4","IFGX","PI533752","PI533752",NA,NA,"54.K.94(Witchweed res.)","BAP","keep",NA,0.0956848646,0.0167960604,1.173015,9,"Breeding",NA,"Ethiopia",NA,-30.559483,22.937506,NA,-30.559483
"5","IZKU","AGG324572SORG","AGG324572SORG","IS29496",NA,NA,"Gates",NA,NA,0.08221153826,0.01453391018,1.166218,16,"Landrace",NA,"Lesotho",NA,-30.260001,27.879999,2180,NA
"6","INTL","7805_AGG324588SORG","AGG324588SORG","IS29472",NA,NA,"Gates",NA,NA,0.07862123757,0.01418967157,1.174087,16,"Landrace",NA,"Lesotho",NA,-30.020242,27.549999,1600,NA
"7","INTM","7806_AGG324589SORG","AGG324589SORG","IS29409",NA,NA,"Gates",NA,NA,0.07238563752,0.01288735647,1.158228,16,"Landrace",NA,"Lesotho",NA,-29.530006,28.149999,2150,NA
"8","INTN","7807_AGG324590SORG","AGG324590SORG","IS29407",NA,NA,"Gates",NA,NA,0.1898179282,0.007479778626,0.964223,16,"Landrace",NA,"Lesotho",NA,-29.530006,28.149999,2150,NA
"9","INTP","7808_AGG324591SORG","AGG324591SORG","IS29375",NA,NA,"Gates",NA,NA,0.07967480396,0.01374322024,1.15967,16,"Landrace",NA,"Lesotho",NA,-29.510002,27.620001,1520,NA
"10","INTH","7801_AGG324582SORG","AGG324582SORG","IS29569",NA,NA,"Gates",NA,NA,0.07151747752,0.01243364033,1.166843,16,"Landrace",NA,"Lesotho",NA,-29.319999,27.479999,1673,NA
"11","INWZ","PI308223","PI308223","IS13791",NA,"IS13791","Gates",NA,NA,0.08506961405,0.01464368759,1.179353,16,"Landrace",NA,"South Africa,KwaZulu-Natal",NA,-29.015021,29.871031,NA,-29.015021
"12","INXA","PI308262","PI308262","IS13827",NA,"IS13827","Gates",NA,NA,0.07871466176,0.0137993912,1.140136,16,"Landrace",NA,"South Africa,KwaZulu-Natal",NA,-29.015021,29.871031,NA,-29.015021
"13","IXQI","PI308282","PI308282","IS13845",NA,"IS13845","Gates",NA,NA,0.08829489765,0.01512426783,1.147491,16,"Landrace",NA,"South Africa,KwaZulu-Natal",NA,-29.015021,29.871031,NA,-29.015021
"14","INXC","PI308374","PI308374","IS13926",NA,"IS13926","Gates",NA,NA,0.3705318371,0.007278808796,0.710127,16,"Landrace",NA,"South Africa,KwaZulu-Natal",NA,-29.015021,29.871031,NA,-29.015021
"15","INXD","PI308445","PI308445","IS13989",NA,"IS13989","Gates",NA,NA,0.08019746917,0.01428963013,1.145105,16,"Landrace",NA,"South Africa,KwaZulu-Natal",NA,-29.015021,29.871031,NA,-29.015021
"16","JHHJ","PI586470","PI586470","IS27867",NA,"IS27867","Gates",NA,NA,0.07062541379,0.0121046787,1.141419,16,"Landrace,Cultivated","Kafir-bicolor","South Africa",NA,-28.569999,31.059999,NA,NA
"17","ISKK","PI505717_","PI505717",NA,NA,"ZM/A 5290","BAP",NA,NA,0.1074926393,0.01982252725,1.194302,7,"Landrace","Guinea-caudatum","Zambia",NA,-28.53333333,16.25,420,-28.53333333
"18","ISKR","PI505722","PI505722",NA,NA,"ZM/A 5298","BAP",NA,NA,0.1078869121,0.01884461614,1.182805,7,"Landrace","Guinea-caudatum","Zambia",NA,-28.46666667,16.33333333,490,-13.133897
"19","JHHK","PI586472","PI586472","IS27869",NA,"IS27869","Gates",NA,NA,0.07309778551,0.01244125636,1.137645,16,"Landrace,Cultivated","Kafir-bicolor","South Africa",NA,-28.389999,29.950007,NA,-28.39
"20","ISKY","PI505735","PI505735",NA,NA,"ZM/A 5345","BAP",NA,NA,0.1073463052,0.01790630866,1.177201,7,"Landrace","Caudatum","Zambia",NA,-27.8,16.75,580,-27.8
"21","INTJ","7803_AGG324586SORG","AGG324586SORG","IS29233",NA,NA,"Gates",NA,NA,0.07905045086,0.0134014195,1.164134,16,"Landrace",NA,"Eswatini",NA,-26.950002,31.010001,1000,NA
"22","IFMB","PI52606","PI52606","IS12724",NA,"IS12724","BAP",NA,NA,0.05920439695,0.01607249896,1.027352,16,"Landrace","Kafir","South Africa,Limpopo",NA,-26.204103,28.047305,NA,-26.204103
"23","IZKW","AGG324587SORG","AGG324587SORG","IS29310",NA,NA,"Gates",NA,NA,0.08104003389,0.01395057786,1.182477,16,"Landrace",NA,"Eswatini",NA,-26.030001,31.850003,500,NA
"24","JHHL","PI586503","PI586503","IS27906",NA,"IS27906","Gates",NA,NA,0.08205405653,0.01440423545,1.151307,16,"Landrace,Cultivated","Guinea-caudatum","South Africa",NA,-26,29.760002,1350,-26
"25","IZKC","PI563289","PI563289","IS9524",NA,"IS9524","Gates",NA,NA,0.08708628981,0.06999324259,1.024235,3,"Landrace,Cultivated","Kafir-durra","South Africa",NA,-25.746111,28.188056,NA,-25.746111
"26","IQUU","PI668846","PI668846","IS9303",NA,"IS9303","Gates",NA,NA,0.1049734307,0.01871446026,1.068983,5,"Breeding",NA,"South Africa",NA,-25.746111,28.188056,NA,-25.746111
"27","IQUW","PI668958","PI668958","IS9468",NA,"IS9468","Gates",NA,NA,0.07269547084,0.01225732906,1.144807,16,"Breeding",NA,"South Africa",NA,-25.746111,28.188056,NA,-25.746111
"28","IQUX","PI668996","PI668996","IS9527",NA,"IS9527","Gates",NA,NA,0.08182600057,0.01223941442,1.15872,16,"Breeding",NA,"South Africa",NA,-25.746111,28.188056,NA,-25.746111
"29","JHGW","IS9295","PI669749","IS9295",NA,NA,"Gates",NA,NA,0.07233245035,0.01223698821,1.154146,16,"Breeding",NA,"South Africa",NA,-25.746111,28.188056,NA,NA
"30","IFMP","PI586541","PI586541",NA,NA,"TRACY","BAP",NA,NA,0.09237475328,0.01424939175,1.20205,16,"Cultivar","Caudatum-bicolor","Australia",NA,-25.274399,133.775131,NA,-25.274399
"31","JHHI","PI586464","PI586464","IS27856",NA,"IS27856","Gates",NA,NA,0.08084924777,0.01421607218,1.159956,16,"Landrace,Cultivated","Kafir","South Africa",NA,-25.200001,31.2,530,-25.20000076
"32","IXRB","PI510931","PI510931",NA,NA,"Segaolane","Gates",NA,NA,0.1066185727,0.01416226918,1.136001,16,"Cultivar","Caudatum","Botswana",NA,-24.37000084,23.14999962,NA,-24.37000084
"33","ISMW","PI229841","PI229841","IS2382",NA,"IS2382","BAP",NA,NA,0.1069311236,0.01697316589,1.159668,16,"Landrace","Kafir; other","South Africa,Transvaal, South Africa",NA,-23.833333,31.5,NA,-23.833333
"34","JHGS","PI229847","PI229847","IS2416",NA,"IS2416","Gates","keep",NA,0.08927312016,0.01867738456,1.246049,16,"Landrace","Kafir","South Africa,Transvaal",NA,-23.833333,31.5,NA,-23.833333
"35","INWH","PI229856","PI229856","IS2421",NA,"IS2421","Gates",NA,NA,0.07630975845,0.01290538968,1.042,16,"Landrace","Kafir-durra","South Africa,Transvaal",NA,-23.833333,31.5,NA,-23.833333
"36","IFFN","PI586499","PI586499","IS27900",NA,"IS27900","BAP",NA,NA,0.1277645511,0.02025150024,1.167942,19,"Landrace,Cultivated","Kafir-caudatum","South Africa",NA,-23.600003,29.159999,NA,-23.60000038
"37","INTI","7802_AGG324585SORG","AGG324585SORG","IS27855",NA,NA,"Gates",NA,NA,0.131554678,0.02545322489,1.539863,12,"Landrace",NA,"South Africa",NA,-23.379999,30.959999,690,NA
"38","IPBX","PI510957","PI510957","IS22287",NA,"IS22287","Gates",NA,NA,0.108179913,0.0364303235,1.057717,8,"Landrace,Cultivated","Guinea-kafir","Botswana",NA,-23.100002,26.829999,1050,-23.100002
"39","IPBZ","PI510965","PI510965","IS22294",NA,"IS22294","Gates",NA,NA,0.08463166564,0.01323108164,1.154933,16,"Landrace,Cultivated","Durra","Botswana",NA,-23.010002,27.760002,820,-23.010002
"40","IPBU","PI510903","PI510903",NA,NA,"Monoane","Gates",NA,NA,0.07875248622,0.01239143822,1.061632,16,"Cultivar","Caudatum","Botswana",NA,-22.328474,24.684866,NA,-22.328474
"41","IPBW","PI510952","PI510952",NA,NA,"Sweetrid","Gates",NA,NA,0.07545152598,0.01349181233,1.083151,16,"Cultivar","Caudatum-bicolor","Botswana",NA,-22.328474,24.684866,NA,-22.328474
"42","IPBY","PI510961","PI510961",NA,NA,"Matseloje","Gates",NA,NA,0.102483256,0.01968083872,1.172394,7,"Cultivar","Guinea","Botswana",NA,-22.328474,24.684866,NA,-22.328474
"43","IPCA","PI510997","PI510997",NA,NA,"Sakaza","Gates",NA,NA,0.09710624887,0.02318297138,1.16507,16,"Cultivar","Guinea","Botswana",NA,-22.328474,24.684866,NA,-22.328474
"44","IQTM","PI511002","PI511002",NA,NA,"Segaolane","Gates",NA,NA,0.07577051037,0.01392324508,1.141727,16,"Cultivar","Caudatum","Botswana",NA,-22.328474,24.684866,NA,-22.328474
"45","IPCR","PI526790","PI526790",NA,NA,"AMM 502","Gates",NA,NA,0.09064226009,0.0155510786,1.129143,7,"Landrace","Kafir","Zimbabwe",NA,-20.91666667,28.5,1200,NA
"46","IZLI","PI526792","PI526792",NA,NA,"AMM 504","Gates","keep",NA,0.07920845948,0.01462585578,1.180461,16,"Landrace","Kafir-caudatum","Zimbabwe",NA,-20.91666667,28.5,1200,NA
"47","IPCT","PI526796","PI526796",NA,NA,"AMM 508","Gates",NA,NA,0.08301195256,0.01382970578,1.150098,16,"Landrace","Caudatum","Zimbabwe",NA,-20.91666667,28.5,1200,-19.015438
"48","JHGA","PI526835","PI526835",NA,NA,"AMM 586","Gates",NA,NA,0.08129426747,0.01420671924,1.165233,16,"Landrace","Kafir-caudatum","Zimbabwe",NA,-20.91666667,29,1200,NA
"49","IQTE","IS_30001",NA,"IS30001",NA,NA,"Gates",NA,NA,0.1057109244,0.0200211484,1.227377,8,"Landrace",NA,"Zimbabwe",NA,-20.909999,28.459999,1250,NA
"50","IZKQ","PI527141","PI527141",NA,NA,"AMM 1240","Gates",NA,NA,0.09427157765,0.01685352786,1.199332,16,"Landrace",NA,"Zimbabwe",NA,-20.2,32.6,1500,NA
"51","IPCZ","PI527143","PI527143",NA,NA,"AMM 1242","Gates",NA,NA,0.07729580097,0.01288305658,1.210301,16,"Landrace","Durra-bicolor","Zimbabwe",NA,-20.2,32.6,1500,NA
"52","IDWU","PI526905","PI526905",NA,NA,"AMM 721","BAP",NA,NA,0.135298079,0.01124548329,1.049778,5,"Landrace","Caudatum","Zimbabwe",NA,-20.16666667,28.75,1300,-20.16666667
"53","IPBT","PI482785","PI482785",NA,NA,"Chifumbata","Gates",NA,NA,0.08382309857,0.01387594063,1.157446,16,"Cultivar",NA,"Zimbabwe",NA,-19.83333333,30.55,1100,-19.83333333
"54","IPBS","PI482745","PI482745",NA,NA,"TGR 548","Gates",NA,NA,0.09044470773,0.01733911602,1.245368,16,"Cultivar",NA,"Zimbabwe",NA,-19.55,32.56666667,1030,-19.55
"55","INTF","7799_AGG324579SORG","AGG324579SORG","IS29691",NA,NA,"Gates",NA,NA,0.09858622777,0.02335245534,1.103933,7,"Landrace",NA,"Zimbabwe",NA,-19.520001,31.629999,900,NA
"56","IPCW","PI526892","PI526892",NA,NA,"AMM 703","Gates",NA,NA,0.08160715115,0.01296621163,1.143832,16,"Landrace","Caudatum","Zimbabwe",NA,-19,28.91666667,1200,NA
"57","IXQM","PI526902","PI526902",NA,NA,"AMM 718","Gates",NA,NA,0.1685738114,0.02122293364,1.170819,8,"Landrace","Durra","Zimbabwe",NA,-19,28.91666667,1200,NA
"58","INNA","PI527045_AMM_1051","PI527045",NA,NA,"AMM 1051","BAP",NA,NA,0.09214650321,0.01609599125,1.120283,5,"Landrace","Caudatum","Zimbabwe",NA,-18.58333333,31.58333333,1200,-18.58333333
"59","INSZ","7793_AGG324570SORG","AGG324570SORG","IS30175",NA,NA,"Gates",NA,NA,0.1026401553,0.01881243146,1.153728,7,"Landrace",NA,"Zimbabwe",NA,-18.079999,32.669998,1350,NA
"60","IXQL","PI526741","PI526741",NA,NA,"AMM 364","Gates","keep",NA,0.1256524823,0.01888235158,1.165143,7,"Landrace","Guinea-bicolor","Zimbabwe",NA,-16.26666667,31.5,1290,NA
"61","IXNJ","PI586052","PI586052","IS26682",NA,"IS26682","Gates",NA,NA,0.110754444,0.02044735626,1.223525,7,"Landrace,Cultivated","Guinea","Malawi",NA,-15.729999,34.400001,NA,-15.72999954
"62","INUG","7824_AGG324638SORG","AGG324638SORG","IS23178",NA,NA,"Gates",NA,NA,0.09405735923,0.01687721376,1.179385,19,"Landrace",NA,"Zambia",NA,-15.566666,28.283333,NA,NA
"63","JHFQ","IS21401",NA,"IS21401",NA,NA,"Gates",NA,NA,0.1559211981,0.03601377856,1.657205,12,"Wild",NA,"Malawi",NA,-13.770001,32.979999,NA,NA
"64","IFGG","PI525049","PI525049",NA,NA,"MW 628","BAP",NA,NA,0.1091389459,0.01971867945,1.199791,7,"Cultivar","Guinea","Malawi",NA,-13.254308,34.301525,NA,-13.254308
"65","IPCL","PI521833","PI521833","IS21519",NA,"IS21519","Gates",NA,NA,0.102823371,0.02701087349,1.17821,7,"Landrace,Cultivated","Guinea; other","Malawi",NA,-11.71,33.630001,NA,-11.71
"66","IXNI","PI586035","PI586035","IS26640",NA,"IS26640","Gates",NA,NA,0.100789225,0.01952515597,1.178707,19,"Landrace,Cultivated","Guinea-caudatum","Zambia",NA,-10.17,28.75,NA,-10.17000008
"67","INUI","7826_AGG324640SORG","AGG324640SORG","IS23142",NA,NA,"Gates",NA,NA,0.09930899655,0.01777041341,1.279652,1,"Landrace",NA,"Tanzania",NA,-7.389999,35.790001,1150,NA
"68","IZLJ","AGG324639SORG","AGG324639SORG","IS23166",NA,NA,"Gates","keep",NA,0.1264186493,0.02165129683,1.21477,5,"Wild",NA,"Tanzania",NA,-6.170001,35.729999,NA,NA
"69","JHHQ","PI620520","PI620520","IS32997",NA,"IS32997","Gates",NA,NA,0.1082741413,0.02200867772,1.179355,5,"Landrace","Guinea","Tanzania,Tabora, Tanzania",NA,-4.889999,33.110001,NA,-4.889999866
"70","INUJ","7827_AGG324641SORG","AGG324641SORG","IS23100",NA,NA,"Gates",NA,NA,0.1156128623,0.02191318296,1.217023,7,"Landrace",NA,"Tanzania",NA,-4.820001,34.740001,NA,NA
"71","IQTT","PI620509","PI620509","IS32986",NA,"IS32986","Gates",NA,NA,0.1088094517,0.01995300694,1.278198,7,"Landrace",NA,"Tanzania,Singida",NA,-4.820001,34.740001,1500,-4.820001
"72","IXNG","PI585572","PI585572","IS25456",NA,"IS25456","Gates",NA,NA,0.1000587471,0.02073575526,1.260942,1,"Landrace,Cultivated","Durra-caudatum","Burundi",NA,-4.130001,29.790001,NA,-4.130001
"73","ISGF","PI533956","PI533956",NA,NA,"MN 586 (preconverted)","Gates","keep",NA,0.08677415486,0.01720082883,1.26739,1,"Breeding",NA,"Congo",NA,-4.038333,21.758663,NA,-4.038333
"74","IXPH","PI153852","PI153852","IS12584",NA,"MZEKWA 2","Gates","keep",NA,0.09999166697,0.01738445323,1.158786,1,"Landrace","Caudatum","Kenya",NA,-3.390556,38.576944,NA,-3.349999905
"75","IEAX","PI585577","PI585577","IS25514",NA,"IS25514","BAP",NA,NA,0.131747128,0.01753295691,1.207579,1,"Landrace,Cultivated","Durra-caudatum","Burundi",NA,-3.099999,29.389999,NA,-3.099999
"76","JBPT","PI620578","PI620578","IS33062",NA,"IS33062","Gates",NA,NA,0.0976425575,0.01850089758,1.094356,7,"Landrace","Caudatum-bicolor","Tanzania,Mwanza, Tanzania",NA,-2.829999,33.080001,NA,-2.829999924
"77","IXQE","PI585586","PI585586",NA,NA,"AMASHYIRAHAMWE","Gates",NA,NA,0.1089093094,0.01992763968,1.229669,1,"Cultivar","Caudatum","Rwanda",NA,-2.559999,28.950001,NA,-2.559999
"78","INTC","7796_AGG324574SORG","AGG324574SORG","IS31559",NA,"IZ 93","Gates",NA,NA,0.1030999277,0.01953569824,1.250169,1,"Landrace",NA,"Burundi",NA,-2.349999,29.979999,NA,NA
"79","IZKM","PI585587","PI585587",NA,NA,"KIBUMBURI","Gates",NA,NA,0.1022880884,0.01879328437,1.194968,1,"Cultivar","Caudatum","Rwanda",NA,-2.059999,29.360001,NA,-2.059999
"80","ISNA","PI585608","PI585608",NA,NA,"GIKONDO","BAP",NA,NA,0.1065741483,0.01909338596,1.271609,1,"Cultivar","Caudatum","Rwanda",NA,-1.929999948,30.05999947,NA,-1.929999948
"81","JBQE","PI646391","PI646391","IS33037",NA,"IS33037","Gates",NA,NA,0.09880757293,0.01719175586,1.021386,5,"Landrace","Guinea-caudatum","Tanzania",NA,-1.7,34.279998,NA,-1.700000048
"82","ISMI","PI213900","PI213900","IS3106",NA,"IS3106","BAP",NA,NA,0.1294165148,0.02793919195,1.41841,3,"Landrace",NA,"Kenya,Nairobi City",NA,-1.283333,36.816667,NA,-1.169999957
"83","ISGQ","PI597946","PI597946",NA,NA,"SAP-286","Gates","keep",NA,0.1010312849,0.02016472144,1.301349,5,"Breeding",NA,"Texas, Kenya",NA,-1.169999957,36.47999954,NA,-1.169999957
"84","JHGF","IS21126",NA,"IS21126",NA,NA,"Gates",NA,NA,0.1232714549,0.02998846185,1.327204,5,"Wild",NA,"Kenya",NA,-0.639385,34.217414,NA,NA
"85","IPDC","PI563208","PI563208","IS9168",NA,"IS9168","Gates",NA,NA,0.100139443,0.01806653427,1.244699,9,"Landrace,Cultivated","Kafir-bicolor; other","Kenya",NA,-0.605414,34.745126,NA,-0.605414
"86","INUN","7831_AGG324646SORG","AGG324646SORG","IS21124",NA,"No. 48988","Gates",NA,NA,0.1013293327,0.01802426648,1.106655,5,"Landrace",NA,"Kenya",NA,-0.566666,34.316667,NA,NA
"87","ISJL","PI153844","PI153844","IS12581",NA,"MUHIA","Gates","keep",NA,0.1047453747,0.01971058914,1.189307,1,"Landrace","Caudatum","Kenya",NA,-0.327636,37.647888,NA,NA
"88","ISKZ","PI563196","PI563196","IS9128",NA,"IS9128","BAP",NA,NA,0.1084914933,0.01836089471,1.14795,14,"Landrace,Cultivated","Guinea-caudatum","Kenya",NA,-0.091702,34.767957,NA,-0.091702
"89","IDWE","PI620072;3882-JG-0005","PI620072","IS31384",NA,"IS31384","BAP",NA,NA,0.1699733995,0.01323963874,1.042967,1,"Landrace","Caudatum","Uganda",NA,-0.019999,29.770637,NA,-0.02
"90","IFKM","PI620157","PI620157","IS31475",NA,"IS31475","BAP",NA,NA,0.1113435516,0.01791473785,1.136699,1,"Landrace","Caudatum","Uganda",NA,0.449999,30.200001,NA,0.449999988
"91","JHHP","PI620119","PI620119","IS31434",NA,"IS31434","Gates",NA,NA,0.1013669631,0.01831030882,1.097569,1,"Landrace","Guinea-caudatum","Uganda",NA,0.456108,31.034803,NA,0.4561088
"92","IPFM","PI619900","PI619900","IS31179",NA,"IS31179","Gates",NA,NA,0.1000475163,0.01627236944,1.038729,5,"Landrace",NA,"Uganda",NA,1.049999,34.299999,1280,1.049999
"93","JBQD","PI646296","PI646296","IS31256",NA,"IS31256","Gates",NA,NA,0.09627785446,0.01727382796,1.074792,1,"Landrace",NA,"Uganda",NA,1.220002,33.400001,NA,1.220000029
"94","ISKX","PI297130","PI297130","IS13613",NA,"IS13613","BAP",NA,NA,0.09658840877,0.0164032601,1.035707,5,"Landrace","Caudatum","Uganda",NA,1.373333,32.290276,NA,1.373333
"95","ISLD","PI297155","PI297155","IS13633",NA,"IS13633","BAP",NA,NA,0.08357349598,0.01323211394,1.155702,16,"Landrace","Kafir","Uganda",NA,1.373333,32.290276,NA,1.373333
"96","JBQB","PI646239","PI646239","IS30958",NA,"IS30958","Gates",NA,NA,0.1039151224,0.01956968631,1.206489,1,"Landrace",NA,"Uganda",NA,1.471023,32.299999,NA,1.470000029
"97","IPFN","PI619909","PI619909","IS31195",NA,"IS31195","Gates",NA,NA,0.09389580111,0.01485243388,1.066839,1,"Landrace",NA,"Uganda",NA,1.700001,34.069999,1290,1.700001
"98","IQUG","PI646231","PI646231","IS30898",NA,"IS30898","Gates",NA,NA,0.1028427824,0.01298776565,0.988221,5,"Landrace","other","Uganda",NA,1.860001,33.75,1070,1.860000014
"99","IFKJ","PI646242","PI646242","IS30975",NA,"IS30975","BAP",NA,NA,0.1121791005,0.01884860812,1.104278,1,"Landrace",NA,"Uganda",NA,2.218353,33.398325,NA,2.150000095
"100","IEBA","PI619838","PI619838","IS31083",NA,"IS31083","BAP",NA,NA,0.1257972911,0.0160966687,1.155841,19,"Landrace","Caudatum","Uganda",NA,2.619999,31.930001,NA,2.619999886
"101","JBQC","PI646245","PI646245","IS31006",NA,"IS31006","Gates",NA,NA,0.09674467036,0.01666567197,1.019996,5,"Landrace",NA,"Uganda",NA,2.730001,33.479999,NA,2.730000019
"102","IFKK","PI646251","PI646251","IS31059",NA,"IS31059","BAP",NA,NA,0.1080885963,0.01835079738,1.199565,1,"Landrace","Caudatum","Uganda",NA,2.779999,32.299999,NA,2.779999971
"103","INSU","7789_AGG324563SORG","AGG324563SORG","IS32569",NA,NA,"Gates",NA,NA,0.1265969844,0.02345457703,1.216577,18,"Landrace",NA,"Somalia",NA,2.789999,44.080001,170,NA
"104","IXQQ","PI619860","PI619860","IS31123",NA,"IS31123","Gates","keep",NA,0.1812845479,0.01825307062,1.131059,1,"Landrace",NA,"Uganda",NA,3.029999,30.976293,1100,3.160000086
"105","IFKL","PI646266","PI646266","IS31113",NA,"IS31113","BAP",NA,NA,0.1067191236,0.02365155541,1.075711,1,"Landrace","Caudatum","Uganda",NA,3.029999,30.976293,NA,3.019999981
"106","IDXU","PI619807","PI619807","IS31047",NA,"IS31047","BAP",NA,NA,0.1504293311,0.0117061451,0.94488,5,"Landrace","Guinea-caudatum","Uganda",NA,3.349999,33.330001,NA,3.349999905
"107","ISLA","PI570400","PI570400",NA,NA,"LABALWA","BAP","keep",NA,0.1485928484,0.01638309383,1.21824,1,"Cultivar","Guinea-caudatum","Sudan, South Sudan",NA,3.809999943,30.61000061,NA,NA
"108","IXNU","PI570149","PI570149","IS22927",NA,"IS22927","Gates",NA,NA,0.1037092231,0.02028019612,1.073405,5,"Landrace,Cultivated","Caudatum","Sudan, South Sudan",NA,3.869999,31.629999,NA,3.869999
"109","IEAZ","PI570393","PI570393","IS26849",NA,"IS26849","BAP",NA,NA,0.1945547481,0.01391355189,0.98517,19,"Landrace,Cultivated","Caudatum","Sudan, South Sudan",NA,4.019999,32.470001,NA,4.019999981
"110","IFKP","PI569418","PI569418",NA,NA,"LOTORI","BAP",NA,NA,0.1027659688,0.02027340187,1.009334,1,"Cultivar","Guinea-caudatum; other","Sudan, South Sudan",NA,4.090000153,30.68000031,NA,NA
"111","SAMEA12302809","PI533991","PI533991",NA,NA,"Sinidyil 177","SAP",NA,NA,0.1073116698,0.01182963565,0.999912,9,"Breeding",NA,"Sudan, South Sudan",NA,4.239999771,32.33000183,NA,NA
"112","INUQ","7833_AGG324662SORG","AGG324662SORG","IS14556",NA,NA,"Gates",NA,NA,0.1065404557,0.02087622231,1.212764,6,"Landrace",NA,"Ethiopia",NA,4.510002,35.979999,370,NA
"113","IFIY","PI569419","PI569419",NA,NA,"DERI","BAP",NA,NA,0.1213695282,0.01555182412,1.076113,19,"Cultivar","Caudatum; Guinea-caudatum","Sudan, South Sudan",NA,4.539999962,29.27000046,NA,NA
"114","IFJC","PI569420","PI569420",NA,NA,"GASSABI","BAP",NA,NA,0.1011342761,0.01651891855,1.036916,19,"Cultivar","Guinea-caudatum; other","Sudan, South Sudan",NA,4.539999962,29.27000046,NA,NA
"115","IFFT","PI569453","PI569453",NA,NA,"KELE","BAP",NA,NA,0.1118084263,0.01824675575,1.145066,1,"Cultivar","Guinea-caudatum; other","Sudan, South Sudan",NA,4.849999905,31.61000061,NA,NA
"116","IFIZ","PI569454","PI569454",NA,NA,"DIMERI","BAP",NA,NA,0.123210836,0.02160314166,1.385546,1,"Cultivar","Guinea-caudatum","Sudan, South Sudan",NA,4.849999905,31.61000061,NA,NA
"117","IFFW","PI569455","PI569455",NA,NA,"LORYERYE","BAP",NA,NA,0.1255202631,0.02088096178,1.377428,1,"Cultivar","Guinea-caudatum","Sudan, South Sudan",NA,4.849999905,31.61000061,NA,NA
"118","IXNN","PI337676","PI337676","IS12248",NA,"IS12248","Gates",NA,NA,0.1172763896,0.02501707156,1.543594,11,"Landrace","Durra-bicolor","Ethiopia",NA,5.210003,39.830001,NA,5.210000038
"119","IFKY","PI569422","PI569422",NA,NA,"NYARANGO","BAP",NA,NA,0.1148422028,0.03091143934,0.932804,19,"Cultivar","Caudatum; Guinea-caudatum","Sudan, South Sudan",NA,5.230000019,30.13999939,NA,NA
"120","IFFU","PI569423","PI569423",NA,NA,"KYIKA (CHYIKA)","BAP",NA,NA,0.1270635508,0.02093344361,1.182757,19,"Cultivar","Guinea-caudatum; other","Sudan, South Sudan",NA,5.230000019,30.13999939,NA,NA
"121","IFGD","PI569445","PI569445",NA,NA,"MORO","BAP",NA,NA,0.1260691614,0.0198019337,1.261551,1,"Cultivar","Guinea-caudatum","Sudan, South Sudan",NA,5.230000019,30.13999939,NA,NA
"122","IFDZ","PI569446","PI569446",NA,NA,"DERE","BAP",NA,NA,0.1158071147,0.02033048784,1.206308,19,"Cultivar","Guinea-caudatum","Sudan, South Sudan",NA,5.230000019,30.13999939,NA,NA
"123","IFGL","PI569447","PI569447",NA,NA,"NYARANGO","BAP",NA,NA,0.1207008062,0.01916423931,1.095996,19,"Cultivar","Caudatum; Kafir-caudatum","Sudan, South Sudan",NA,5.230000019,30.13999939,NA,NA
"124","IXPJ","PI329695","PI329695",NA,NA,"Mashila","Gates",NA,NA,0.1206840847,0.02520456382,1.617782,11,NA,NA,"Ethiopia",NA,6.179999828,35.56000137,2130,6.179999828
"125","IXPG","PI571273","PI571273","IS9885",NA,"IS9885","Gates",NA,NA,0.09905376466,0.01767070189,1.026568,19,"Landrace","Caudatum","Sudan, South Sudan",NA,6.48,29.42,NA,6.48
"126","IXPD","PI570518","PI570518","IS3465",NA,"A/68 IS3465","Gates",NA,NA,0.09357728813,0.01959610368,1.120191,5,"Landrace,Cultivated","Caudatum","Sudan",NA,6.560001,30.510001,NA,6.550000191
"127","IFJQ","PI329699","PI329699","IS11435",NA,"IS11435","BAP",NA,NA,0.09756452377,0.0162709858,1.086391,14,"Landrace","Caudatum","Ethiopia",NA,6.96,35.759998,540,6.960000038
"128","IXPI","PI660559","PI660559","IS7419",NA,"IS7419","Gates","keep",NA,0.1150132448,0.02088429157,1.252582,4,"Landrace","Guinea","Nigeria",NA,7,10.258881,NA,7
"129","SAMEA12302572","PI534070","PI534070",NA,NA,"BE 25","SAP",NA,NA,0.2567361848,0.01267798422,0.954493,4,"Breeding",NA,"Nigeria",NA,7,10.26000023,NA,NA
"130","IFFF","PI330796","PI330796","IS12080",NA,"IS12080","BAP",NA,NA,0.1042902334,0.01816948175,1.002307,5,"Landrace",NA,"Ethiopia",NA,7.050001,37.599998,1350,7.050000191
"131","IXML","PI330747","PI330747",NA,NA,"Mashila","Gates",NA,NA,0.1242655393,0.02627834673,1.581178,11,NA,NA,"Ethiopia",NA,7.15,40.71667,1950,7.15
"132","INLZ","PI329480_IS_11236","PI329480","IS11236",NA,"IS11236","BAP",NA,NA,0.1377099704,0.02385143411,1.578057,11,"Landrace",NA,"Ethiopia",NA,7.199999,38.599998,1900,7.199999809
"133","ISLR","PI506122","PI506122",NA,NA,"Epo","BAP",NA,NA,0.126118494,0.02211261427,1.328525,4,"Landrace","Guinea","Togo",NA,7.25,0.8,NA,7.25
"134","IUHY","PI570498","PI570498","IS3445",NA,"A/18 IS3445","Gates",NA,NA,0.1088899534,0.01890077455,1.414776,3,"Landrace,Cultivated",NA,"Sudan",NA,7.269999,28.680003,NA,7.269999981
"135","JHFZ","PI585981","PI585981","IS26413",NA,"IS26413","Gates",NA,NA,0.1161250453,0.02123082534,1.321961,4,"Landrace,Cultivated","Guinea","Benin",NA,7.300001,1.909999,NA,7.300000191
"136","IQSB","IS_22609",NA,"IS22609",NA,NA,"Gates",NA,NA,0.1113241679,0.01836858862,1.302761,1,"Landrace",NA,"Sri Lanka",NA,7.320001,80.980003,NA,NA
"137","ISLJ","PI329473","PI329473","IS11230",NA,"IS11230","BAP",NA,NA,0.1345172702,0.02467154114,1.625682,11,"Landrace","Durra-bicolor","Ethiopia",NA,7.349999,38.669998,1900,7.349999905
"138","IFGE","PI568717","PI568717",NA,NA,"MRV-106","BAP",NA,NA,0.1187555366,0.0185142675,1.077037,5,"Cultivar","Durra-caudatum","Cameroon",NA,7.369722,12.354722,NA,7.369722
"139","IXPK","PI330822","PI330822",NA,NA,"Chabbi","Gates",NA,NA,0.1316274707,0.0271647494,1.604488,11,NA,NA,"Ethiopia",NA,7.480000019,45.15999985,NA,7.480000019
"140","IZJU","Tog112_379",NA,NA,"Tg112",NA,"Gates",NA,NA,0.1148107287,0.02209579382,1.27853,4,"Landrace","Guinea","Togo","Témédja",7.52635,1.08301,NA,NA
"141","IZJW","Tog113_403",NA,NA,"Tg113",NA,"Gates",NA,NA,0.120894504,0.02466393846,1.235907,4,"Landrace","Guinea","Togo","Témédja",7.52635,1.08301,NA,NA
"142","IDWD","PI267573","PI267573","IS2983",NA,"IS2983","BAP",NA,NA,0.2156438789,0.02375580261,1.198513,11,"Landrace","Durra; Durra-caudatum","Ethiopia",NA,7.677629,36.838441,NA,7.677629
"143","IFJL","PI329550","PI329550","IS11301",NA,"IS11301","BAP",NA,NA,0.1339861472,0.02291210389,1.556911,11,"Landrace","Durra-bicolor","Ethiopia",NA,7.677629,36.838441,1900,7.670000076
"144","IFJM","PI329551","PI329551","IS11302",NA,"IS11302","BAP",NA,NA,0.1360714283,0.02843093573,1.545527,11,"Landrace",NA,"Ethiopia",NA,7.677629,36.838441,1900,7.670000076
"145","IFJN","PI329554","PI329554","IS11305",NA,"IS11305","BAP",NA,NA,0.1333494263,0.02409677182,1.54267,11,"Landrace",NA,"Ethiopia",NA,7.677629,36.838441,1900,7.670000076
"146","INMG","PI329569_IS_11320","PI329569","IS11320",NA,"IS11320","BAP",NA,NA,0.141360696,0.01970903256,1.166746,18,"Landrace","Durra-bicolor","Ethiopia",NA,7.773738,37.227645,NA,8.949999809
"147","ISLK","PI506114","PI506114",NA,NA,"Kwete-Mila","BAP",NA,NA,0.1122060268,0.03054156412,1.166602,4,"Landrace","Guinea","Togo",NA,7.8,1.28333333,NA,7.8
"148","IFLM","PI329478","PI329478","IS11234",NA,"IS11234","BAP",NA,NA,0.1408312368,0.0233614083,1.567051,11,"Landrace",NA,"Ethiopia",NA,7.849999,36.080001,2000,7.849999905
"149","INMH","PI329570_IS_11321","PI329570","IS11321",NA,"IS11321","BAP",NA,NA,0.1516747097,0.0207319402,1.580772,11,"Landrace",NA,"Ethiopia",NA,7.849999,36.583333,NA,7.849999905
"150","IFHE","PI329573","PI329573","IS11324",NA,"IS11324","BAP",NA,NA,0.1374484437,0.02495756918,1.615076,11,"Landrace",NA,"Ethiopia",NA,7.849999,36.583333,NA,NA
"151","ISMY","PI562982","PI562982",NA,NA,"EKA OR OKA BABA","BAP",NA,NA,0.126513876,0.02418985934,1.425529,4,"Cultivar","Guinea","Nigeria",NA,7.849999905,6.150000095,NA,NA
"152","SAMEA12302548","PI597964","PI597964",NA,NA,"SAP-166","SAP",NA,NA,0.1695111314,0.01604840091,1.087336,14,"Breeding",NA,"Texas, Ethiopia",NA,7.849999905,34.54999924,NA,NA
"153","IQUT","PI665169","PI665169",NA,NA,"Alangua","Gates",NA,NA,0.106533024,0.01718776609,1.097257,14,NA,NA,"Ilubabor",NA,7.918,34.449,510,NA
"154","IXNH","PI585971","PI585971","IS26401",NA,"IS26401","Gates",NA,NA,0.1180089473,0.02279712427,1.359383,4,"Landrace,Cultivated","Guinea","Togo",NA,7.947795,1.042651,NA,7.559999943
"155","IXCU","PI329501","PI329501","IS11257",NA,"IS11257","JGI_Ref",NA,NA,0.1108785104,0.03616023617,1.042724,2,"Landrace",NA,"Ethiopia",NA,7.949999,39.130001,2200,7.949999809
"156","INMA","PI329506_IS_11260","PI329506","IS11260",NA,"IS11260","BAP",NA,NA,0.137194432,0.02429758752,1.571981,11,"Landrace","Durra-bicolor","Ethiopia",NA,7.949999,39.130001,2200,7.949999809
"157","IFEL","PI329583","PI329583","IS11334",NA,"IS11334","BAP",NA,NA,0.1377154056,0.02758638211,1.57837,11,"Landrace",NA,"Ethiopia",NA,7.974374,37.439209,NA,7.960000038
"158","INMI","PI329584_IS_11335","PI329584","IS11335",NA,"IS11335","BAP",NA,NA,0.1454115177,0.02380880298,1.648776,11,"Landrace","Durra-bicolor","Ethiopia",NA,7.974374,37.439209,NA,7.960000038
"159","INMJ","PI329585_IS_11336","PI329585","IS11336",NA,"Col. No. 724 B","BAP",NA,NA,0.1528384495,0.02258648904,1.605993,11,"Landrace",NA,"Ethiopia",NA,7.974374,37.439209,1922,7.960000038
"160","JHFS","IS7277","NSL50935","IS7277",NA,"AD 13;Konari","Gates",NA,NA,0.1103874026,0.02137605929,1.205055,5,"Landrace",NA,"Nigeria",NA,8.05,10.779999,NA,NA
"161","INME","PI329518_IS_11270","PI329518","IS11270",NA,"IS11270","BAP",NA,NA,0.1467854551,0.02293086721,1.614636,11,"Landrace","Durra-bicolor","Ethiopia",NA,8.115049,38.375389,NA,8.109999657
"162","INMF","PI329519_IS_11271","PI329519","IS11271",NA,"IS11271","BAP",NA,NA,0.1502860197,0.02310489993,1.624303,11,"Landrace","Durra-bicolor","Ethiopia",NA,8.115049,38.375389,NA,8.109999657
"163","ISHX","PI534115","PI534115",NA,NA,"Akwu","Gates","keep",NA,0.07979717883,0.0141306284,1.075651,14,"Breeding",NA,"Ethiopia",NA,8.149999619,34.45999908,NA,8.149999619
"164","SAMEA12302493","PI534127","PI534127",NA,NA,"No. 37 Ubi, Abelti Ethiopia","SAP","keep",NA,0.1657955441,0.02179109475,1.136518,18,"Breeding",NA,"Ethiopia",NA,8.159999847,37.56000137,NA,8.159999847
"165","ISGD","IS_23540",NA,"IS23540",NA,NA,"Gates",NA,NA,0.1028841564,0.01464629457,1.037204,14,"Landrace",NA,"Ethiopia",NA,8.199999,34.259998,NA,NA
"166","IQSD","IS_23574",NA,"IS23574",NA,"Ganga","Gates",NA,NA,0.09447567442,0.01458170715,0.95914,14,"Landrace",NA,"Ethiopia",NA,8.199999,34.259998,500,NA
"167","SAMEA12302546","PI576428","PI576428",NA,NA,"Mashica","SAP",NA,NA,0.09402535819,0.01414137939,1.118261,14,"Breeding",NA,"Ethiopia",NA,8.239999771,34.58000183,NA,NA
"168","IFJJ","PI329545","PI329545","IS11297",NA,"IS11297","BAP",NA,NA,0.1407938006,0.02495152839,1.575921,11,"Landrace",NA,"Ethiopia",NA,8.283333,37.777637,1700,8.270000458
"169","IFJK","PI329546","PI329546","IS11298",NA,"IS11298","BAP",NA,NA,0.1363161226,0.02629024306,1.578621,11,"Landrace",NA,"Ethiopia",NA,8.283333,37.777637,1700,8.270000458
"170","IFLG","PI585966","PI585966",NA,NA,"DJOFELA","JGI_Ref",NA,NA,0.1242090799,0.0181663198,1.228521,4,"Cultivar","Guinea","Togo",NA,8.2833333,0.9999995,NA,NA
"171","IFEH","PI330858","PI330858","IS12142",NA,"IS12142","BAP",NA,NA,0.1357593488,0.03368123438,1.492923,11,"Landrace","Durra-bicolor","Ethiopia",NA,8.329999,41.590001,NA,8.329999924
"172","JBPS","PI585954","PI585954",NA,NA,"MOHOU","Gates",NA,NA,0.1094545472,0.01887352247,1.271639,4,"Cultivar","Guinea; other","Togo",NA,8.359999657,1,NA,NA
"173","IXPC","PI570494","PI570494","IS6944",NA,"A/2 IS6944","Gates",NA,NA,0.1013629422,0.01899497572,1.151743,5,"Landrace,Cultivated","Caudatum","Sudan, South Sudan",NA,8.369999,33.029998,NA,8.369999886
"174","ISMK","PI562971","PI562971",NA,NA,"FARAFARA","BAP",NA,NA,0.1272898874,0.02309097529,1.384875,4,"Cultivar","Guinea; other","Nigeria",NA,8.39999962,8.55000019,NA,NA
"175","ISLY","PI510757","PI510757",NA,NA,"AP79-714","BAP",NA,NA,0.1096235094,0.01667529583,1.049078,19,"Cultivar","Durra","Cameroon",NA,8.4,14.16666667,NA,8.4
"176","IPEM","PI571377","PI571377","IS14478",NA,"IS14478","Gates",NA,NA,0.09508696644,0.04088101128,0.896524,6,"Wild",NA,"Sudan",NA,8.409999,32.060001,NA,8.409999
"177","IZLK","PI585989","PI585989","IS26423",NA,"IS26423","Gates",NA,NA,0.1145147329,0.02144246802,1.32613,4,"Landrace,Cultivated","Guinea","Benin",NA,8.433333,2.583333,NA,8.4333339
"178","IFFG","PI330803","PI330803","IS12087",NA,"IS12087","BAP",NA,NA,0.135044511,0.02828400907,1.55046,11,"Landrace","Durra-bicolor","Ethiopia",NA,8.529999,34.799999,1560,8.529999733
"179","ISMQ","PI330807","PI330807","IS12091",NA,"IS12091","BAP",NA,NA,0.09612378358,0.01643710469,1.044694,5,"Landrace","Durra-bicolor","Ethiopia",NA,8.529999,34.799999,1560,8.520000458
"180","ISLQ","PI329541","PI329541","IS11293",NA,"IS11293","BAP",NA,NA,0.1339422498,0.02429395101,1.615014,11,"Landrace","Durra-bicolor","Ethiopia",NA,8.529999,37.979999,2000,8.529999733
"181","IFFR","PI569435","PI569435",NA,NA,"KAVANGA","BAP",NA,NA,0.1191814222,0.02090661651,1.128269,19,"Cultivar","Guinea-caudatum; other","Sudan, South Sudan",NA,8.529999733,29.10000038,NA,NA
"182","IFKX","PI569458","PI569458",NA,NA,"NVARKHAN","BAP",NA,NA,0.1050902594,0.03172461287,1.000455,19,"Cultivar","Caudatum; Guinea-caudatum","Sudan, South Sudan",NA,8.529999733,29.10000038,NA,NA
"183","IFFX","PI569459","PI569459",NA,NA,"LUWAIAH","JGI_Ref",NA,NA,0.1105167378,0.01714926871,1.10367,19,"Cultivar","Caudatum","Sudan, South Sudan",NA,8.529999733,29.10000038,NA,NA
"184","IFKZ","PI569460","PI569460",NA,NA,"REKA","BAP",NA,NA,0.1034736522,0.01643891691,1.063853,19,"Cultivar","Caudatum; Guinea-caudatum","Sudan, South Sudan",NA,8.529999733,29.10000038,NA,NA
"185","INXE","PI329268","PI329268","IS11026",NA,"IS11026","Gates",NA,NA,0.1253174696,0.02114943686,1.111735,18,"Landrace",NA,"Ethiopia",NA,8.541389,39.268889,1450,8.541389
"186","INMB","PI329510_IS_11264","PI329510","IS11264",NA,"IS11264","BAP",NA,NA,0.1316845679,0.02446822933,1.222582,18,"Landrace","Durra-bicolor","Ethiopia",NA,8.549999,39.266667,1700,8.539999962
"187","INMC","PI329511_IS_11265","PI329511","IS11265",NA,"IS11265","BAP",NA,NA,0.137527143,0.02396730311,1.084741,18,"Landrace","Durra-bicolor","Ethiopia",NA,8.549999,39.266667,1700,8.539999962
"188","INLY","PI329471_IS_11228","PI329471","IS11228",NA,"IS11228","BAP",NA,NA,0.1343024695,0.02501732963,1.625566,11,"Landrace","Durra-bicolor","Ethiopia",NA,8.594101,39.121411,1900,8.6
"189","IPCI","PI515633","PI515633",NA,NA,"Tchinlore","Gates",NA,NA,0.1160817302,0.01839009082,1.184001,17,"Cultivar","Guinea-bicolor","Togo",NA,8.619543,0.824782,NA,8.619543
"190","JBPN","IS7861","PI700417","IS7861",NA,"IN 31;Ekpon dzuru","Gates",NA,NA,0.1168506704,0.02245558408,1.279961,4,"Landrace",NA,"Nigeria",NA,8.733333,5.750001,82,NA
"191","INMD","PI329517_IS_11269","PI329517","IS11269",NA,"IS11269","BAP",NA,NA,0.134924105,0.02388441412,1.572093,11,"Landrace","Durra-bicolor","Ethiopia",NA,8.739999,38.979999,1900,8.739999771
"192","IFEG","PI563329","PI563329","IS10005",NA,"IS10005","BAP",NA,NA,0.1284502164,0.02127452016,1.178097,18,"Breeding,Cultivated","Durra-caudatum","Ethiopia",NA,8.739999,38.979999,NA,8.739999
"193","IFEI","PI563332","PI563332","IS10015",NA,"IS10015","BAP",NA,NA,0.1331645468,0.02249674376,1.212554,18,"Breeding,Cultivated","Durra","Ethiopia",NA,8.739999,38.979999,NA,8.739999
"194","SRR8474602","SRR8474602","PI651124","IS7416",NA,"BE 22; NSL 50594","TERRA_new",NA,NA,0.453432507,0.01753809802,0.819683,4,"Landrace","Guinea","Nigeria",NA,8.750515,8.308844,NA,NA
"195","IUHZ","PI570504","PI570504","IS3454",NA,"A/41 IS3454","Gates",NA,NA,0.08895776847,0.01631801163,1.022623,5,"Landrace,Cultivated","Caudatum","Sudan, South Sudan",NA,8.766667,27.400001,NA,8.420000076
"196","IXNP","PI337684","PI337684","IS12256",NA,"IS12256","Gates",NA,NA,0.1180660167,0.02656237443,1.541378,11,"Landrace","Durra-bicolor","Ethiopia",NA,8.85,35.639999,NA,8.850000381
"197","IZJT","Tog080_343",NA,NA,"Tg080",NA,"Gates",NA,NA,0.1159223351,0.02066317719,1.278391,4,"Landrace","Guinea","Togo","Tchalo",8.86341,1.11408,NA,NA
"198","IZLC","PI282842","PI282842",NA,NA,"Kell","Gates",NA,NA,0.1641974609,0.02208947422,1.045524,19,NA,"Durra-caudatum","Chad",NA,8.88,17.549999,NA,8.88
"199","IDWP","PI563020","PI563020",NA,NA,"OKA FUNFUN","BAP",NA,NA,0.2228805237,0.01395812826,1.116091,4,"Cultivar","Guinea; other","Nigeria",NA,8.89999962,4.6500001,NA,NA
"200","IFLK","PI562991","PI562991",NA,NA,"GIWA","BAP",NA,NA,0.1266365559,0.01983946921,1.291027,4,"Cultivar","Guinea; other","Nigeria",NA,8.93000031,8.60000038,NA,NA
"201","IDWT","PI221651","PI221651",NA,NA,"UWARETE","BAP","keep",NA,0.1651488679,0.01608106707,1.209253,4,NA,"Guinea","Nigeria",NA,8.930003,8.600003,NA,8.930003
"202","IFEP","PI329644","PI329644","IS11389",NA,"IS11389","BAP",NA,NA,0.1258058599,0.03610637522,1.444396,11,"Landrace","Durra-bicolor","Ethiopia",NA,8.930003,36.580001,NA,8.930000305
"203","SRR8474640","SRR8474640","PI683868","IS7382",NA,"NSL51959","TERRA_new",NA,NA,0.436300746,0.01304837497,0.651828,19,"Landrace",NA,"Nigeria",NA,8.96,6.25,NA,NA
"204","INMK","PI329605_IS_11350","PI329605","IS11350",NA,"IS11350","BAP",NA,NA,0.1456999985,0.02139166214,1.560969,11,"Landrace",NA,"Ethiopia",NA,8.970002,37.849998,NA,8.970000267
"205","IFEN","PI329617","PI329617","IS11362",NA,"IS11362","BAP",NA,NA,0.1365247672,0.02680398115,1.584563,11,"Landrace",NA,"Ethiopia",NA,8.987568,37.327691,NA,9
"206","ISLX","PI329618","PI329618","IS11363",NA,"IS11363","BAP",NA,NA,0.1322895096,0.02470119802,1.61084,11,"Landrace","Durra-bicolor","Ethiopia",NA,8.987568,37.327691,NA,9
"207","IFES","PI329673","PI329673","IS11414",NA,"IS11414","BAP",NA,NA,0.1341537783,0.02698007357,1.622242,11,"Landrace",NA,"Ethiopia",NA,9.029999,38.400001,NA,9.029999733
"208","INLG","PI257599_NO.5_GAMBELA","PI257599",NA,NA,"NO. 5 GAMBELA","BAP",NA,NA,0.09412712927,0.01588460468,1.096173,14,NA,"Caudatum; Kafir-caudatum","Ethiopia",NA,9.029999733,38.70000076,NA,NA
"209","IFML","PI257600","PI257600",NA,NA,"NO. 6 GAMBELA","BAP",NA,NA,0.08600687856,0.01331752499,0.998218,14,NA,"Caudatum; other","Ethiopia",NA,9.029999733,38.70000076,NA,NA
"210","IFGM","PI533792","PI533792",NA,NA,"No. 1 Gambela","BAP","unresolved",NA,0.08585319591,0.01230577141,1.123256,14,"Breeding",NA,"Ethiopia",NA,9.029999733,38.70000076,NA,9.029999733
"211","SAMEA12302599","PI533792","PI533792",NA,NA,"No. 1 Gambela","SAP","unresolved",NA,0.1259021958,0.01408458613,1.180991,9,"Breeding",NA,"Ethiopia",NA,9.029999733,38.70000076,NA,9.029999733
"212","SAMEA12302551","PI533794","PI533794",NA,NA,"No. 5 Gambela","SAP",NA,NA,0.1710768808,0.01342607098,1.086431,14,"Breeding",NA,"Ethiopia",NA,9.029999733,38.70000076,NA,NA
"213","IFFI","PI337689","PI337689","IS12261",NA,"IS12261","BAP",NA,NA,0.1288549436,0.02434501488,1.525713,11,"Landrace","Durra-bicolor","Ethiopia",NA,9.039999,40.900001,NA,9.039999962
"214","ISKL","PI562998","PI562998",NA,NA,"MASUNGI","BAP",NA,NA,0.1195806588,0.01892788227,1.269596,4,"Cultivar","Guinea; other","Nigeria",NA,9.050000191,5.929999828,NA,NA
"215","JHGT","PI329629","PI329629","IS11374",NA,"IS11374","Gates","keep",NA,0.1302836488,0.02548754391,1.637636,11,"Landrace",NA,"Ethiopia",NA,9.079999,36.529998,2088,NA
"216","ISMD","PI329632","PI329632","IS11377",NA,"IS11377","BAP",NA,NA,0.1071071016,0.02106370028,1.286486,5,"Landrace",NA,"Ethiopia",NA,9.079999,36.549999,1250,9.079999924
"217","ISKJ","PI273465","PI273465",NA,NA,"Jerima","BAP",NA,NA,0.1257182591,0.02065059621,1.352943,20,NA,NA,"Nigeria",NA,9.081999,8.675277,NA,9.081999
"218","ISIY","PI576385","PI576385",NA,NA,"SAP-135","Gates","keep",NA,0.09830761904,0.01919014454,1.256074,9,"Breeding",NA,"Nigeria",NA,9.081999,8.675277,NA,9.081999
"219","ISND","PI562990","PI562990",NA,NA,"MURBAN GANGAU","BAP",NA,NA,0.1269885119,0.0196433188,1.253353,4,"Cultivar","Guinea; other","Nigeria",NA,9.100000381,9.960000038,NA,NA
"220","SRR8474729","SRR8474729","PI665076","IS7550",NA,"PL 15","TERRA_new",NA,NA,0.2849795453,0.01650191384,1.058712,4,"Landrace","Guinea","Nigeria",NA,9.100001,9.966667,NA,NA
"221","INLS","PI329326_IS_11083","PI329326","IS11083",NA,"IS11083","BAP",NA,NA,0.1336813054,0.02498149843,1.588799,11,"Landrace",NA,"Ethiopia",NA,9.130001,37.049999,2100,9.130000114
"222","IDUP","PI329333","PI329333","IS11090",NA,"IS11090","BAP",NA,NA,0.1439994232,0.01369622089,0.988195,5,"Landrace","Caudatum","Ethiopia",NA,9.130001,37.049999,1600,9.130000114
"223","IECN","PI273969","PI273969",NA,NA,"MN 4578","BAP",NA,NA,0.1475543952,0.01895308955,1.147614,18,NA,NA,"Ethiopia",NA,9.145,40.489674,NA,9.145
"224","INMN","PI452544_ETS_2030","PI452544",NA,NA,"ETS 2030","BAP",NA,NA,0.1327959802,0.02008686475,1.201928,2,NA,"Durra","Ethiopia",NA,9.145,40.489674,NA,9.145
"225","IFEA","PI453106","PI453106",NA,NA,"ETS 2306","BAP",NA,NA,0.134075079,0.02339139318,1.207738,18,NA,"Durra","Ethiopia",NA,9.145,40.489674,NA,9.145
"226","IFEB","PI453177","PI453177",NA,NA,"ETS 2341","BAP",NA,NA,0.1173442185,0.04551231447,1.132272,11,NA,"Durra-bicolor","Ethiopia",NA,9.145,40.489674,NA,9.145
"227","IFED","PI455280","PI455280",NA,NA,"ETS 3486","BAP",NA,NA,0.1233887274,0.04086456548,1.211429,11,NA,"Durra-bicolor","Ethiopia",NA,9.145,40.489674,NA,9.145
"228","IFJY","PI330833","PI330833","IS12117",NA,"IS12117","BAP",NA,NA,0.1372409084,0.02469623205,1.616367,11,"Landrace","Durra-bicolor","Ethiopia",NA,9.149999,36.400001,NA,9.149999619
"229","IXNT","PI570127","PI570127","IS22905",NA,"IS22905","Gates",NA,NA,0.1000000416,0.02077652231,1.132998,5,"Landrace,Cultivated","Caudatum","Sudan",NA,9.180003,31.379999,NA,9.180003
"230","INLR","PI329319_IS_11077","PI329319","IS11077",NA,"IS11077","BAP",NA,NA,0.1367979407,0.02286061421,1.476462,11,"Landrace",NA,"Ethiopia",NA,9.180305,38.330001,2100,9.180000305
"231","IFLL","PI562994","PI562994",NA,NA,"HANA MATA BURKA","BAP",NA,NA,0.1246271178,0.02727700157,1.254649,4,"Cultivar","Guinea; other","Nigeria",NA,9.25,6.92999983,NA,NA
"232","ISGL","IS_24887","Grif9912","IS24887",NA,"Farafara","Gates",NA,NA,0.1209637194,0.02261863725,1.383134,4,"Landrace",NA,"Nigeria",NA,9.289999,5.059999,NA,NA
"233","SAMEA12302824","PI534123","PI534123",NA,NA,"No. 25 Gobo, Kaichama Ethiopia","SAP","keep",NA,0.1812922015,0.01477471243,1.357095,11,"Breeding","Durra-bicolor","Ethiopia",NA,9.300000191,42.13000107,NA,9.300000191
"234","IFEW","PI329864","PI329864","IS11593",NA,"IS11593","BAP",NA,NA,0.1356378891,0.0281775678,1.147121,18,"Landrace",NA,"Ethiopia",NA,9.300001,38.75,2600,9.300000191
"235","IFEX","PI329865","PI329865","IS11594",NA,"IS11594","BAP",NA,NA,0.1286572526,0.03393245716,1.073468,18,"Landrace",NA,"Ethiopia",NA,9.300001,38.75,2600,9.300000191
"236","INLQ","PI329310_IS_11068","PI329310","IS11068",NA,"IS11068","BAP",NA,NA,0.139945967,0.01925500589,1.184397,18,"Landrace",NA,"Ethiopia",NA,9.300001,42.130001,NA,9.300000191
"237","INMU","PI513898_Abokoun_Wewe","PI513898",NA,NA,"Abokoun Wewe","BAP",NA,NA,0.1304736307,0.02022287534,1.308431,4,"Cultivar","Guinea","Benin",NA,9.30769,2.315834,1000,9.30769
"238","INUX","PI147921","PI147921","IS12531",NA,"FACHAO NO. 26","Gates",NA,NA,0.210000104,0.01777461127,1.470444,11,"Landrace",NA,"Ethiopia",NA,9.311111,42.127778,1842,NA
"239","IDZP","PI563002","PI563002",NA,NA,"EKPAN DZURUGI","BAP",NA,NA,0.3366732642,0.01123733463,0.978371,4,"Cultivar","Guinea; other","Nigeria",NA,9.329999924,5.059999943,NA,NA
"240","SAMEA12302686","PI534079","PI534079",NA,NA,"PL 47","SAP",NA,NA,0.1269098127,0.01517520095,1.190329,9,"Breeding",NA,"Nigeria",NA,9.359999657,9.949999809,NA,NA
"241","ISLE","PI506069","PI506069",NA,NA,"Mbonou","BAP",NA,NA,0.1117966963,0.01929432065,1.26793,17,"Landrace","Guinea-bicolor","Togo",NA,9.36666667,1.33333333,NA,8.619543
"242","IQST","IS_25055","Grif9991","IS25055",NA,NA,"Gates",NA,NA,0.1191235763,0.02155475184,1.373965,4,"Landrace",NA,"Ghana",NA,9.399999,-0.980001,180,NA
"243","ISMA","PI585448","PI585448","IS25050",NA,"IS25050","BAP",NA,NA,0.09310326229,0.0523795665,0.896087,4,"Landrace,Cultivated","Guinea","Ghana",NA,9.399999,-0.839999,NA,9.399999
"244","INXH","PI330036","PI330036","IS11758",NA,"IS11758","Gates",NA,NA,0.1054943211,0.01920395101,1.146822,1,"Landrace",NA,"Ethiopia",NA,9.399999,42.009998,NA,9.399999
"245","IFHF","PI330122","PI330122","IS11842",NA,"IS11842","BAP",NA,NA,0.1317128253,0.02147272259,1.141603,18,"Landrace",NA,"Ethiopia",NA,9.399999,42.009998,NA,9.399999
"246","IDZN","PI562997","PI562997",NA,NA,"EKPAN DZUNGI","BAP",NA,NA,0.1415090821,0.01724156866,1.168,19,"Cultivar","Guinea-caudatum; other","Nigeria",NA,9.399999619,6.03000021,NA,NA
"247","SAMEA12302472","PI576425","PI576425",NA,NA,"SAP-150","SAP",NA,NA,0.09595959106,0.02506664311,1.058486,18,"Breeding",NA,"Ethiopia",NA,9.399999619,42.00999832,NA,NA
"248","IXPF","PI570539","PI570539","IS2304",NA,"A/107 IS2304","Gates",NA,NA,0.0996053251,0.01751678695,1.019639,19,"Landrace,Cultivated","Caudatum-bicolor","Sudan, South Sudan",NA,9.409999,34.069999,NA,9.409999847
"249","IZJS","Tog069_376",NA,NA,"Tg069","Djeffela blanc","Gates",NA,NA,0.120269735,0.02376255582,1.374718,4,"Landrace","Guinea","Togo","Kpadéba",9.49146,1.11142,NA,NA
"250","SAMEA12302457","PI534135","PI534135",NA,NA,"No. 64 Netch Addesho Ethiopia","SAP",NA,NA,0.1976394655,0.0137070394,1.077814,18,"Breeding",NA,"Ethiopia",NA,9.5,38.22999954,NA,NA
"251","SAMEA12302566","PI534075","PI534075",NA,NA,"KA 24","SAP",NA,NA,0.2087631555,0.01117174684,1.101522,20,"Breeding",NA,"Nigeria",NA,9.529999733,12.35000038,NA,NA
"252","IPDB","PI562979","PI562979",NA,NA,"DUKUS","Gates",NA,NA,0.1113303241,0.01882221163,1.036816,5,"Cultivar","Guinea-kafir","Nigeria",NA,9.529999733,12.35000038,NA,9.529999733
"253","IFEQ","PI329645","PI329645","IS11390",NA,"IS11390","BAP",NA,NA,0.1327142028,0.0260858708,1.565261,11,"Landrace",NA,"Ethiopia",NA,9.566667,37.099998,2300,9.56000042
"254","IFER","PI329646","PI329646","IS11391",NA,"IS11391","BAP",NA,NA,0.1476698929,0.02326803878,1.545643,11,"Landrace",NA,"Ethiopia",NA,9.566667,37.099998,2300,9.56000042
"255","SRR8474637","SRR8474637","PI276770","IS13299",NA,"PI 276770; SA 2288","TERRA_new",NA,NA,0.4450297653,0.01562787158,0.939826,11,"Landrace","Durra,Durra-bicolor","Ethiopia",NA,9.579999,41.860001,NA,NA
"256","SRR8474714","SRR8474714","PI276800","IS12636",NA,"SA 2318; PI 276800","TERRA_new",NA,NA,0.2340806113,0.03323177915,1.00724,11,"Landrace","Durra,Durra-bicolor","Ethiopia",NA,9.579999,41.860001,NA,NA
"257","IZPX","PI276816","PI276816","IS12646",NA,"IS12646","GatesRef","keep",NA,0.1381443971,0.02405499675,1.638932,11,"Landrace","Durra","Ethiopia",NA,9.579999,41.860001,NA,9.579999
"258","SRR8474673","SRR8474673","PI276830","IS12658",NA,"SA 2348; PI 276830","TERRA_new",NA,NA,0.387030288,0.01722246601,1.034708,11,"Landrace","Durra,Kafir","Ethiopia",NA,9.579999,41.860001,NA,NA
"259","INLJ","PI276837_IS_12661","PI276837","IS12661",NA,"IS12661","GatesRef","keep",NA,0.09190655085,0.01492763334,1.183951,14,"Landrace","Durra-caudatum","Ethiopia",NA,9.579999,41.860001,NA,9.579999
"260","INLN","PI329286_IS_11044","PI329286","IS11044",NA,"IS11044","BAP",NA,NA,0.1406841263,0.02144528593,1.500584,11,"Landrace","Durra","Ethiopia",NA,9.579999,41.860001,NA,9.579999924
"261","ISIX","PI534148","PI534148",NA,NA,"R1, 21","Gates","keep",NA,0.1211733346,0.0241216189,1.252943,18,"Breeding",NA,"Ethiopia",NA,9.579999924,41.86000061,NA,9.579999924
"262","ISJF","PI534155","PI534155",NA,NA,"R3, 80","Gates","keep",NA,0.11258771,0.02247314426,1.341725,18,"Breeding","Durra-bicolor","Ethiopia",NA,9.579999924,41.86000061,NA,9.579999924
"263","IFHK","PI534157","PI534157",NA,NA,"R4, B1","BAP","keep",NA,0.08446123375,0.01291285822,1.182824,14,"Breeding",NA,"Ethiopia",NA,9.579999924,41.86000061,NA,9.579999924
"264","SAMEA12302502","PI576375","PI576375",NA,NA,"SAP-124","SAP",NA,NA,0.1188573077,0.01895206047,1.141871,18,"Breeding",NA,"Ethiopia",NA,9.670000076,39.52999878,NA,NA
"265","IFJR","PI329702","PI329702","IS11438",NA,"IS11438","BAP",NA,NA,0.1356528636,0.02581260279,1.574078,11,"Landrace",NA,"Ethiopia",NA,9.670005,39.529998,NA,9.670000076
"266","IZJR","Tog064_378",NA,NA,"Tg064",NA,"Gates",NA,NA,0.1115096852,0.02215970481,1.302331,4,"Landrace","Guinea","Togo","Namon market",9.71572,0.79827,NA,NA
"267","JHFA","IS10876","PI683164","IS10876",NA,"BO 50;Tiksha (jigare)","Gates",NA,NA,0.09663865651,0.02021723881,1.089202,5,"Landrace",NA,"Nigeria",NA,9.75,8.380001,NA,NA
"268","JHFB","IS10882","PI683165","IS10882",NA,NA,"Gates",NA,NA,0.1125734565,0.0218146636,1.234333,19,"Landrace",NA,"Nigeria",NA,9.75,8.380001,NA,NA
"269","IPEQ","PI585386","PI585386","IS24713",NA,"FARA-FARA","Gates","keep",NA,0.09531011409,0.02282705329,1.02774,14,"Landrace,Cultivated","Caudatum","Nigeria",NA,9.800001,8.489999,540,9.800001
"270","ISMJ","PI329710","PI329710","IS11446",NA,"IS11446","BAP",NA,NA,0.1355594948,0.02747812441,1.226187,18,"Landrace",NA,"Ethiopia",NA,9.840001,39.759998,2100,9.840000153
"271","IFJT","PI329711","PI329711","IS11447",NA,"IS11447","BAP",NA,NA,0.113592332,0.01415881447,1.009064,5,"Landrace","Caudatum","Ethiopia",NA,9.840001,39.759998,2100,9.840000153
"272","SRR8474737","SRR8474737","PI329719","IS11455",NA,"Col. No. R 85; PI 329719","TERRA_new",NA,NA,0.3739945496,0.01568391996,0.932806,18,"Landrace","Durra","Ethiopia",NA,9.840001,39.759998,1800,NA
"273","IFFH","PI337680","PI337680","IS12252",NA,"IS12252","BAP",NA,NA,0.134378368,0.02381435124,1.402152,11,"Landrace",NA,"Ethiopia",NA,9.899999,38.580001,NA,9.899999619
"274","ISMT","PI585467","PI585467","IS25108",NA,"IS25108","BAP",NA,NA,0.1155603961,0.02959635373,1.228853,4,"Landrace,Cultivated","Guinea","Ghana",NA,9.909999,-0.209999,NA,9.909999
"275","IFJP","PI329614","PI329614","IS11359",NA,"IS11359","BAP",NA,NA,0.1209388174,0.04300303554,1.402124,11,"Landrace",NA,"Ethiopia",NA,9.909999,38.310001,NA,9.909999847
"276","IFEM","PI329615","PI329615","IS11360",NA,"IS11360","BAP",NA,NA,0.1364345043,0.02767073171,1.570872,11,"Landrace",NA,"Ethiopia",NA,9.909999,38.310001,NA,9.909999847
"277","IZJQ","Tog051_464",NA,NA,"Tg051","Adjito","Gates",NA,NA,0.1166444106,0.02210427238,1.33598,4,"Landrace","Guinea","Togo","Pissarè",9.96443,1.11149,NA,NA
"278","IDZX","PI329338","PI329338","IS11096",NA,"IS11096","BAP",NA,NA,0.2319707609,0.02281732134,1.416363,12,"Landrace","Caudatum-bicolor","Ethiopia",NA,10,39.889999,1600,10
"279","INST","7788_AGG324561SORG","AGG324561SORG","IS33261",NA,"CSM 138","Gates",NA,NA,0.1099637354,0.01938541222,1.086712,19,"Landrace",NA,"Cameroon",NA,10.069999,14.609999,500,NA
"280","JBSS","Tog035_377",NA,NA,"Tg035",NA,"Gates",NA,NA,0.1038695334,0.02461185063,1.200057,4,"Landrace","Caudatum","Togo","Djédjabou",10.19041,0.43454,NA,NA
"281","SRR8474606","SRR8474606","PI651168","IS7274",NA,"AD 10; NSL 50933","TERRA_new",NA,NA,0.4990022968,0.01448979918,0.513188,2,"Landrace","Durra","Nigeria",NA,10.26,13.27,NA,NA
"282","IZKB","PI585416","PI585416","IS24830",NA,"IS24830","Gates",NA,NA,0.1126774737,0.03007882424,1.201666,4,"Landrace,Cultivated","Guinea","Nigeria",NA,10.260002,10.340001,NA,10.260002
"283","ISLT","PI585406","PI585406","IS24800",NA,"IS24800","BAP",NA,NA,0.1235927132,0.02273651194,1.368027,4,"Landrace,Cultivated","Guinea","Nigeria",NA,10.279999,13.189999,NA,10.279999
"284","INNN","PI562970_FARAFARA","PI562970",NA,NA,"FARAFARA","BAP",NA,NA,0.1113921632,0.01825468532,1.173089,4,"Cultivar","Guinea; other","Nigeria",NA,10.27999973,11.17000008,NA,NA
"285","SRR8474761","SRR8474761","PI665104","IS7738",NA,"ZA 22","TERRA_new",NA,NA,0.4043345606,0.01914975383,0.742349,8,"Landrace","Guinea","Nigeria",NA,10.3,7.48,NA,NA
"286","INLT","PI329351_IS_11108","PI329351","IS11108",NA,"IS11108","BAP",NA,NA,0.1470447356,0.02137918911,1.550541,11,"Landrace",NA,"Ethiopia",NA,10.300001,39.979999,1500,10.30000019
"287","IZKE","PI563359","PI563359","IS10186",NA,"IS10186","Gates",NA,NA,0.1070130396,0.01959757959,1.191882,17,"Landrace,Cultivated","Caudatum","Burkina Faso",NA,10.329999,-3.18,NA,10.32999992
"288","SRR8474749","SRR8474749","PI682171","IS7762",NA,"NSL54114","TERRA_new",NA,NA,0.4230322652,0.01512807155,0.748662,20,"Landrace",NA,"Nigeria",NA,10.409999,8.529999,NA,NA
"289","ISKS","PI563022","PI563022",NA,NA,"ESSTENE","BAP",NA,NA,0.1258130421,0.02271803311,1.337579,4,"Cultivar","Guinea; other","Nigeria",NA,10.43000031,3.819999933,NA,NA
"290","JHFT","IS7889","PI685101","IS7889",NA,"IN 61;Yafari","Gates",NA,NA,0.1205939327,0.02175577314,1.340101,4,"Landrace",NA,"Nigeria",NA,10.436633,3.817195,298,NA
"291","IXPA","PI570288","PI570288","IS23068",NA,"IS23068","Gates",NA,NA,0.1013353225,0.03034893129,1.042859,13,"Landrace,Cultivated","Caudatum-bicolor","Sudan",NA,10.479999,25.09,NA,10.479999
"292","IPDL","PI568998","PI568998",NA,NA,"AKLAMOI RED","Gates",NA,NA,0.1028116965,0.01621185197,1.07718,5,"Cultivar","Caudatum","Sudan",NA,10.5,30.44000053,NA,10.5
"293","SAMEA12302804","PI576399","PI576399","IS3515C",NA,"IS3515C","SAP","keep",NA,0.1251421017,0.01422370326,1.091529,1,"Breeding",NA,"Sudan",NA,10.5,30.44000053,NA,10.5
"294","IQTL","IS_33178",NA,"IS33178",NA,"CSM 59-1;Safra","Gates",NA,NA,0.1091152918,0.01807480763,1.049705,19,"Landrace",NA,"Cameroon",NA,10.510001,14.38,350,NA
"295","IEAT","PI585454","PI585454","IS25061",NA,"IS25061","BAP",NA,NA,0.1627934082,0.01369765914,1.101262,17,"Landrace,Cultivated","Guinea","Ghana",NA,10.520457,-0.439999,NA,10.520457
"296","IPDX","PI570206","PI570206","IS22986",NA,"IS22986","Gates",NA,NA,0.1064651396,0.01854444337,1.068182,5,"Landrace,Cultivated","Durra-caudatum","Sudan",NA,10.529999,30.52,NA,10.529999
"297","IPDY","PI570216","PI570216","IS22996",NA,"IS22996","Gates",NA,NA,0.09454644276,0.01511813035,1.008487,14,"Landrace,Cultivated","Caudatum","Sudan",NA,10.529999,30.52,NA,10.529999
"298","IFFM","PI569886","PI569886","IS22440",NA,"IS22440","BAP",NA,NA,0.1389829686,0.02338742936,1.390673,19,"Landrace,Cultivated","Guinea-caudatum","Sudan",NA,10.550001,34.279998,NA,10.550001
"299","JBQA","PI646211","PI646211","IS24753",NA,"IS24753","Gates",NA,NA,0.1215212697,0.02599577696,1.350628,20,"Landrace",NA,"Nigeria",NA,10.689999,8.949999,NA,10.68999958
"300","JBQG","PI651145","PI651145","IS7887",NA,"IS7887","Gates",NA,NA,0.1136215599,0.02331743346,1.28258,4,"Landrace",NA,"Nigeria",NA,10.699999,4.583333,NA,NA
"301","IZKZ","PI569875","PI569875","IS22429",NA,"IS22429","Gates",NA,NA,0.1057162209,0.01882786778,1.027571,5,"Landrace,Cultivated","Caudatum","Sudan",NA,10.710003,33.479999,NA,10.710003
"302","INMT","PI506030_Tchinlouol","PI506030",NA,NA,"Tchinlouol","BAP",NA,NA,0.1056304781,0.01806741566,1.166052,14,"Landrace","Guinea","Togo",NA,10.73333333,0.3,NA,NA
"303","ISMG","PI585452","PI585452","IS25059",NA,"IS25059","BAP",NA,NA,0.1057953361,0.02894638299,1.072104,4,"Landrace,Cultivated","Guinea","Ghana",NA,10.779999,-0.810002,NA,10.779999
"304","ISMM","PI585461","PI585461","IS25086",NA,"IS25086","BAP",NA,NA,0.1088912845,0.02016119031,1.199865,17,"Landrace,Cultivated","Guinea","Ghana",NA,10.779999,-0.129999,NA,10.779999
"305","INSR","7786_AGG324558SORG","AGG324558SORG","IS33209",NA,"CSM 88","Gates",NA,NA,0.1053311269,0.02133503312,1.070266,19,"Landrace",NA,"Cameroon",NA,10.789999,14.659999,300,NA
"306","IPEY","PI586789","PI586789","IS3443",NA,"IS3443","Gates",NA,NA,0.1044905033,0.01616801822,1.011256,14,"Landrace","Caudatum","Sudan",NA,10.833901,30.748876,NA,10.833901
"307","IQSP","IS_24775","Grif9825","IS24775",NA,"Chakkalari-ja","Gates",NA,NA,0.1288441842,0.0182039917,1.28517,4,"Landrace",NA,"Nigeria",NA,10.880001,13.630001,450,NA
"308","IQSQ","IS_24786","Grif9835","IS24786",NA,"KUBARI","Gates",NA,NA,0.1046293779,0.01822000207,1.037373,5,"Landrace",NA,"Nigeria",NA,10.880001,13.630001,450,NA
"309","JHHE","PI586021","PI586021",NA,NA,"ILA KHA","Gates",NA,NA,0.124165127,0.02090931778,1.332956,4,"Cultivar","Guinea","Benin",NA,10.93000031,1.080000043,NA,10.93000031
"310","IDWF","PI563009","PI563009","IS7739",NA,"IS7739","BAP",NA,NA,0.163351208,0.0145173139,1.215002,4,"Landrace,Cultivated","Guinea-caudatum","Nigeria",NA,11,7.849999,NA,11
"311","SAMEA12302613","PI533986","PI533986",NA,NA,"Huria White 621","SAP",NA,NA,0.08989456156,0.01384931228,1.058149,9,"Breeding",NA,"Sudan",NA,11,29.42000008,NA,NA
"312","SAMEA12302816","PI597952","PI597952",NA,NA,"SAP-323","SAP",NA,NA,0.0809565095,0.04430786551,0.738673,9,"Breeding",NA,"Texas, Sudan",NA,11,29.42000008,NA,NA
"313","IPEK","PI571292","PI571292","IS9911",NA,"IS9911","Gates",NA,NA,0.110237824,0.01558791851,1.040304,19,"Landrace","Caudatum","Sudan",NA,11.016667,29.716667,528,11.016667
"314","IQTG","IS_30748",NA,"IS30748",NA,NA,"Gates",NA,NA,0.11416616,0.01807687884,1.294971,20,"Landrace",NA,"Cameroon",NA,11.029999,14.130001,680,NA
"315","SRR8474598","SRR8474598","PI660556","IS3627",NA,"ZA 41","TERRA_new",NA,NA,0.3784761653,0.01416688451,0.962908,4,"Landrace","Guinea","Nigeria",NA,11.039999,7.42,NA,NA
"316","IZLE","PI651104","PI651104","IS6718",NA,"IS6718","Gates",NA,NA,0.1193920911,0.02271200856,1.359959,4,"Landrace",NA,"Burkina Faso",NA,11.116667,-4.416667,NA,11.116667
"317","SAMEA12302575","PI534088","PI534088",NA,NA,"ZA 6","SAP",NA,NA,0.1156404264,0.01639785774,1.184445,20,"Breeding",NA,"Nigeria",NA,11.11999989,8.039999962,NA,NA
"318","IFJG","PI329403","PI329403","IS11160",NA,"IS11160","BAP",NA,NA,0.1343102063,0.02260406771,1.219069,18,"Landrace",NA,"Ethiopia",NA,11.133333,39.633333,2100,11.13000011
"319","IZKF","PI563366","PI563366","IS10195",NA,"IS10195","Gates",NA,NA,0.1104194036,0.02069408598,1.19621,17,"Landrace,Cultivated","Guinea","Burkina Faso",NA,11.14,-3.059999,NA,11.14000034
"320","IPEE","PI570945","PI570945",NA,NA,"Kirenigs","Gates",NA,NA,0.09881575344,0.01716720263,1.14726,5,NA,"Caudatum","Kordofan",NA,11.144169,30.181096,689,NA
"321","SRR8474581","SRR8474581","PI571022",NA,NA,"Colum 2","TERRA_new",NA,NA,0.4965556313,0.0133827445,0.634828,5,NA,"Caudatum","Kordofan,Sudan",NA,11.144169,30.181096,689,NA
"322","SRR8474747","SRR8474747","PI682181","IS7720",NA,"NSL54162","TERRA_new",NA,NA,0.4708582394,0.01393481967,0.721679,20,"Landrace",NA,"Nigeria",NA,11.159999,8.3,NA,NA
"323","INLU","PI329394_IS_11151","PI329394","IS11151",NA,"IS11151","BAP",NA,NA,0.1295035055,0.02295056232,1.204236,18,"Landrace",NA,"Ethiopia",NA,11.183333,40.009998,NA,11.18000031
"324","IPDN","PI569040","PI569040","IS19016",NA,"IS19016","Gates",NA,NA,0.1092466791,0.0159571966,1.123145,9,"Landrace,Cultivated","Caudatum","Sudan",NA,11.189999,24.149999,NA,11.189999
"325","JHGP","PI569050","PI569050","IS19026",NA,"IS19026","Gates","keep",NA,0.08351304341,0.01561930877,1.069623,5,"Landrace,Cultivated","Caudatum","Sudan",NA,11.189999,24.149999,NA,11.18999958
"326","IPDQ","PI569065","PI569065","IS19041",NA,"IS19041","Gates",NA,NA,0.08737940162,0.01713426687,1.224578,16,"Landrace,Cultivated","Caudatum","Sudan",NA,11.189999,24.149999,NA,11.189999
"327","IPDR","PI569077","PI569077","IS19053",NA,"IS19053","Gates","unresolved",NA,0.1256127999,0.01619336258,1.09984,19,"Landrace,Cultivated","Kafir-caudatum","Sudan",NA,11.189999,24.149999,NA,11.189999
"328","JHGB","PI569077","PI569077","IS19053",NA,"IS19053","Gates","unresolved",NA,0.07584607609,0.01442492044,1.127787,9,"Landrace,Cultivated","Kafir-caudatum","Sudan",NA,11.189999,24.149999,NA,11.189999
"329","IFFK","PI569097","PI569097","IS19073",NA,"IS19073","BAP",NA,NA,0.1107009518,0.0227783567,1.13145,18,"Landrace,Cultivated","Durra","Sudan",NA,11.189999,24.149999,NA,11.189999
"330","IFFL","PI569148","PI569148","IS19124",NA,"IS19124","BAP",NA,NA,0.1281094358,0.01734425829,1.106779,18,"Landrace,Cultivated","Durra-bicolor","Sudan",NA,11.189999,24.149999,NA,11.189999
"331","IPDS","PI569150","PI569150","IS19126",NA,"IS19126","Gates",NA,NA,0.08685216087,0.01376912691,1.156196,9,"Landrace,Cultivated","Kafir-durra","Sudan",NA,11.189999,24.149999,NA,11.189999
"332","IPDT","PI569156","PI569156","IS19132",NA,"IS19132","Gates",NA,NA,0.09252735444,0.01959500519,0.984952,8,"Landrace,Cultivated",NA,"Sudan",NA,11.189999,24.149999,NA,11.189999
"333","IFKA","PI569244","PI569244","IS19221",NA,"IS19221","BAP",NA,NA,0.1082085309,0.02304138208,1.078283,18,"Landrace,Cultivated","Durra-caudatum; other","Sudan",NA,11.189999,24.149999,NA,11.189999
"334","IFKB","PI569264","PI569264","IS19242",NA,"IS19242","BAP",NA,NA,0.1135057849,0.03096493898,0.978061,18,"Landrace,Cultivated","Caudatum-bicolor","Sudan",NA,11.189999,24.149999,NA,11.189999
"335","ISGY","PI569284","PI569284","IS19262",NA,"IS19262","Gates",NA,NA,0.07688891077,0.0148974083,1.177033,8,"Landrace,Cultivated","Caudatum","Sudan",NA,11.189999,24.149999,NA,11.189999
"336","IPEJ","PI571271","PI571271","IS9883",NA,"IS9883","Gates",NA,NA,0.107220159,0.01788871404,1.091148,5,"Landrace",NA,"Sudan",NA,11.189999,24.149999,NA,11.189999
"337","IZKK","PI563361","PI563361",NA,NA,"GOAURI","Gates",NA,NA,0.1150851501,0.02200512535,1.313339,4,"Cultivar","Guinea-kafir","Burkina Faso",NA,11.19999981,-4.300000191,NA,11.19999981
"338","JHHZ","IS1529","PI677859","IS1529",NA,"ISABELA NO 10237","Gates",NA,NA,0.1124960051,0.0219403354,1.169025,2,"Landrace",NA,"India",NA,11.260002,77.580001,NA,NA
"339","JBPY","PI646200","PI646200","IS24699",NA,"IS24699","Gates",NA,NA,0.1180835701,0.0202120078,1.21286,20,"Landrace","Durra-caudatum","Nigeria",NA,11.310001,7.329999,NA,NA
"340","JHGL","IS27587",NA,"IS27587",NA,NA,"Gates",NA,NA,0.1140850759,0.02733874003,1.315746,17,"Wild",NA,"Cameroon",NA,11.334401,14.979601,NA,NA
"341","IXNR","PI570119","PI570119","IS22897",NA,"IS22897","Gates",NA,NA,0.1073915337,0.02000985192,1.212269,13,"Landrace,Cultivated","Durra-caudatum","Sudan",NA,11.369999,26.02,NA,11.369999
"342","JBPZ","PI646209","PI646209","IS24734",NA,"IS24734","Gates",NA,NA,0.1183169504,0.02043185933,1.251705,20,"Landrace","Durra-caudatum","Nigeria",NA,11.390001,9.260002,NA,NA
"343","JBPP","IS7958","PI685123","IS7958",NA,NA,"Gates",NA,NA,0.1060585544,0.01974546847,1.192596,5,"Landrace",NA,"Nigeria",NA,11.5,3.7,NA,NA
"344","IXNY","PI570228","PI570228","IS23008",NA,"IS23008","Gates",NA,NA,0.09768282225,0.02016217401,1.079384,5,"Landrace,Cultivated","Guinea-caudatum","Sudan",NA,11.5,31.030686,NA,11.5
"345","SAMEA12302576","PI534092","PI534092",NA,NA,"ZA 71","SAP",NA,NA,0.1164742283,0.02352278373,1.207133,9,"Breeding",NA,"Nigeria",NA,11.55000019,8.130000114,NA,NA
"346","IFEU","PI329843","PI329843","IS11574",NA,"IS11574","BAP",NA,NA,0.1318733851,0.0346792332,1.449382,11,"Landrace",NA,"Ethiopia",NA,11.550001,37.360002,1650,11.55000019
"347","IFEK","PI563350","PI563350","IS10168",NA,"IS10168","BAP",NA,NA,0.1126914499,0.01976318666,1.201638,17,"Landrace,Cultivated","Guinea","Burkina Faso",NA,11.666667,-1.066667,NA,11.65999985
"348","IZGS","PI534133","PI534133",NA,NA,"No. 69 Mashela Tinguish, Warakul Ethiopi","GatesRef","keep",NA,0.1216941419,0.02122377721,1.297015,18,"Breeding",NA,"Ethiopia",NA,11.69999981,39.74000168,NA,11.69999981
"349","JBQF","PI647018","PI647018","IS39662",NA,"IS39662","Gates",NA,NA,0.1159529219,0.01931837384,1.20179,20,"Landrace","Durra-caudatum","Nigeria",NA,11.770001,8.43,NA,11.77000046
"350","IFEY","PI330167","PI330167","IS11887",NA,"IS11887","BAP",NA,NA,0.1060978486,0.04085478229,0.947337,18,"Landrace","Caudatum","Ethiopia",NA,11.829999,39.680003,1600,11.82999992
"351","IFEZ","PI330169","PI330169","IS11889",NA,"IS11889","BAP",NA,NA,0.1358069067,0.02040469969,1.203279,18,"Landrace","Durra","Ethiopia",NA,11.829999,39.680003,1600,11.82999992
"352","SAMEA12302485","PI576426","PI576426",NA,NA,"SAP-128","SAP",NA,NA,0.1129145698,0.01912391438,1.149844,18,"Breeding",NA,"Ethiopia",NA,11.82999992,39.68000031,NA,NA
"353","JBPM","IS7314","PI684002","IS7314",NA,"BO 14;Mere","Gates",NA,NA,0.1011473095,0.01820424184,1.039231,5,"Landrace",NA,"Nigeria",NA,11.848146,13.149999,320,NA
"354","SAMEA12302595","PI533882","PI533882",NA,NA,"KO 61 Baragwan Doki","SAP",NA,NA,0.1219814025,0.01997583009,1.308374,20,"Breeding",NA,"Nigeria",NA,11.8599997,9.19999981,NA,NA
"355","ISKT","PI570145","PI570145","IS22923",NA,"IS22923","BAP",NA,NA,0.09809664509,0.01921744764,1.067442,5,"Landrace,Cultivated","Guinea-caudatum","Sudan",NA,12.02,29.389999,NA,12.02
"356","IZKP","PI330885","PI330885","IS12169",NA,"IS12169","Gates","keep",NA,0.1274589605,0.02457948019,1.543238,11,"Landrace",NA,"Ethiopia",NA,12.029999,39.029998,NA,12.029999
"357","JHFR","PI585728","PI585728",NA,NA,"KINTI OULE","Gates",NA,NA,0.1916562134,0.03095995231,2.262159,10,"Cultivar","Guinea","Mali",NA,12.02999973,-9.710000038,NA,12.02999973
"358","IPDW","PI570131","PI570131","IS22909",NA,"IS22909","Gates",NA,NA,0.09991890204,0.01607705709,1.063942,5,"Landrace,Cultivated","Durra","Sudan",NA,12.039999,30.520001,NA,12.039999
"359","SRR8474754","SRR8474754","PI682921","IS7518",NA,"NSL54221","TERRA_new",NA,NA,0.415525414,0.01456042361,0.916258,20,"Landrace",NA,"Nigeria",NA,12.088459,10.110118,NA,NA
"360","IUHX","PI563487","PI563487","IS12374",NA,"IS12374","Gates",NA,NA,0.1165656836,0.02143364397,1.173501,2,"Landrace,Cultivated","Guinea","Mali",NA,12.109999,-6.909999,NA,12.10999966
"361","IZKH","PI570130","PI570130","IS22908",NA,"IS22908","Gates",NA,NA,0.1177409871,0.02129284505,1.268287,13,"Landrace,Cultivated","Durra","Sudan",NA,12.119999,27.440001,NA,12.119999
"362","IFFA","PI330181","PI330181","IS11901",NA,"IS11901","BAP",NA,NA,0.1368584488,0.02281216222,1.194564,18,"Landrace",NA,"Ethiopia",NA,12.159999,39.630001,1500,12.15999985
"363","IFFB","PI330182","PI330182","IS11902",NA,"IS11902","BAP",NA,NA,0.1376604992,0.02438911918,1.206278,18,"Landrace","Durra","Ethiopia",NA,12.159999,39.630001,NA,12.15999985
"364","IFET","PI329841","PI329841","IS11572",NA,"IS11572","BAP",NA,NA,0.1346390073,0.02949234482,1.366074,18,"Landrace",NA,"Ethiopia",NA,12.229999,37.290015,1860,12.22999954
"365","IQTB","IS_27599",NA,"IS27599",NA,NA,"Gates",NA,NA,0.09859501835,0.01763131433,1.068532,5,"Landrace",NA,"Cameroon",NA,12.234359,14.637234,300,NA
"366","IZKI","PI570278","PI570278","IS23058",NA,"IS23058","Gates",NA,NA,0.1006251711,0.03642391457,0.865646,19,"Landrace,Cultivated","Durra-caudatum","Sudan",NA,12.300001,24.17,NA,12.300001
"367","ISJM","PI533877","PI533877",NA,NA,"KA 15 Yazgar Giwa","Gates","keep",NA,0.1030601066,0.01889556359,1.358678,20,"Breeding",NA,"Nigeria",NA,12.31000042,3.710000038,NA,12.31000042
"368","IXMJ","PI660596","PI660596",NA,NA,"Yazgar giwa","Gates",NA,NA,0.1154565729,0.02296543386,1.297054,20,NA,NA,"Nigeria",NA,12.31000042,3.710000038,NA,12.31000042
"369","IXMG","PI570603","PI570603","IS3568",NA,"A/330 IS3568","Gates",NA,NA,0.0936084018,0.01662819824,1.069822,5,"Landrace,Cultivated","Caudatum","Sudan",NA,12.340001,28.700001,NA,12.34000015
"370","SAMEA12302604","PI534124","PI534124",NA,NA,"No. 28 Lyle, Marawa Ethiopia","SAP",NA,NA,0.1942059256,0.01688092664,1.442314,11,"Breeding",NA,"Ethiopia",NA,12.35999966,39.52999878,NA,12.35999966
"371","INTD","7797_AGG324575SORG","AGG324575SORG","IS30619",NA,NA,"Gates",NA,NA,0.1043926145,0.01970034854,1.105199,5,"Landrace",NA,"Cameroon",NA,12.380001,14.899999,380,NA
"372","IFFC","PI330184","PI330184","IS11904",NA,"IS11904","BAP",NA,NA,0.1159333718,0.04146121527,1.090697,18,"Landrace","Durra-bicolor","Ethiopia",NA,12.415311,39.559662,1500,12.40999985
"373","SAMEA12302562","PI533785","PI533785",NA,NA,"SO 16","SAP",NA,NA,0.1435436441,0.01714197312,1.271702,4,"Breeding",NA,"Texas, Nigeria",NA,12.43000031,9.100000381,NA,NA
"374","IXMZ","PI660562","PI660562","IS7920",NA,"IS7920","Gates","keep",NA,0.1264000699,0.03035323016,1.2577,4,"Landrace","Guinea","Nigeria",NA,12.430003,9.1,NA,12.43000031
"375","IXNW","PI570162","PI570162","IS22941",NA,"IS22941","Gates",NA,NA,0.100703094,0.01878849965,1.039729,19,"Landrace,Cultivated","Durra-caudatum","Sudan",NA,12.430003,31.489999,NA,12.430003
"376","IFJD","PI563348","PI563348","IS10162",NA,"IS10162","BAP",NA,NA,0.1314925894,0.02275765459,1.201288,18,"Landrace,Cultivated","Guinea","Burkina Faso",NA,12.460001,-3.47,NA,12.46000004
"377","SAMEA12302674","PI533876","PI533876",NA,NA,"KA 12 Janjari","SAP",NA,NA,0.07804752044,0.03947916475,0.692802,9,"Breeding",NA,"Nigeria",NA,12.51000023,7.730000019,NA,NA
"378","IXNF","PI597953","PI597953","IS7436C",NA,"IS7436C","Gates",NA,NA,0.0934221635,0.01585766208,1.136158,9,"Breeding","Guinea-bicolor","Texas, Nigeria",NA,12.51000023,7.730000019,NA,12.51000023
"379","SRR8474802","SRR8474802","PI660595","IS7435",NA,"KA 3","TERRA_new",NA,NA,0.498527855,0.01553571577,0.583755,20,"Landrace","Guinea","Nigeria",NA,12.510002,7.730001,NA,NA
"380","IPEB","PI570273","PI570273","IS23053",NA,"IS23053","Gates",NA,NA,0.1126130834,0.02083861713,1.072736,19,"Landrace,Cultivated","Caudatum","Sudan",NA,12.539999,32.5,NA,12.539999
"381","IXQA","PI514497","PI514497",NA,NA,"Digaff","Gates",NA,NA,0.1122208072,0.02113349035,1.166078,17,"Cultivar",NA,"Senegal",NA,12.57999992,-12.82999992,NA,12.57999992
"382","JHHG","PI586165","PI586165","IS27359",NA,"IS27359","Gates",NA,NA,0.1178766449,0.02059899209,1.190445,17,"Landrace,Cultivated","Guinea","Burkina Faso",NA,12.583333,-1.299999,NA,12.57999992
"383","INNL","PI562781_IS_3869","PI562781","IS3869",NA,"IS3869","BAP",NA,NA,0.1259827807,0.02097294901,1.294685,4,"Landrace,Cultivated","Guinea","Mali",NA,12.65,-8,NA,12.65
"384","IPFJ","PI612843","PI612843","IS3905",NA,"IS3905","Gates",NA,NA,0.1124628116,0.0196563638,1.213245,17,"Landrace,Cultivated","Guinea","Mali",NA,12.65,-8,NA,12.65
"385","IXPP","PI513769","PI513769",NA,NA,"Sokombe","Gates",NA,NA,0.1454027272,0.03638903482,2.20429,10,"Cultivar",NA,"Niger",NA,12.72999954,2.829999924,NA,12.72999954
"386","JHEQ","IS7722","PI679395","IS7722",NA,NA,"Gates",NA,NA,0.1075629362,0.01929802576,1.199842,20,"Landrace",NA,"Nigeria",NA,12.800001,4.510002,NA,NA
"387","IXNL","PI586128","PI586128","IS27320",NA,"IS27320","Gates",NA,NA,0.1138109041,0.01982639067,1.090245,8,"Landrace,Cultivated","Durra","Burkina Faso",NA,12.829999,-2.23,NA,12.82999992
"388","SAMEA12302690","PI533964","PI533964",NA,NA,"Safara, Kordafan","SAP","keep",NA,0.08799432633,0.01589159835,1.083684,9,"Breeding",NA,"Sudan",NA,12.862823,30.217652,NA,12.862823
"389","ISGR","PI656015","PI656015",NA,NA,"Ajabsido","GatesRef","keep",NA,0.1037754714,0.01856543158,1.045873,19,"Cultivar",NA,"Sudan",NA,12.862846,30.217675,NA,12.862846
"390","INLL","PI303658_Nerum_Boer","PI303658",NA,NA,"Nerum Boer","BAP",NA,NA,0.09804254281,0.01564374427,1.010004,5,NA,NA,"Southern,Sudan",NA,12.862848,30.217677,NA,12.862848
"391","IFLB","PI641909","PI641909",NA,NA,"Red Losinga","BAP",NA,NA,0.1063624257,0.01651430665,1.012141,5,NA,NA,"Sudan",NA,12.862853,30.217682,NA,12.862853
"392","IPEA","PI570268","PI570268","IS23048",NA,"IS23048","Gates",NA,NA,0.1152679221,0.01548719713,1.073396,19,"Landrace,Cultivated","Durra-caudatum","Sudan",NA,12.899999,23.469999,NA,12.899999
"393","IXPW","PI514361","PI514361",NA,NA,"Bassi","Gates",NA,NA,0.1756132921,0.03704404366,2.412527,10,"Cultivar","Guinea","Senegal",NA,12.94,-15.59,NA,12.94
"394","JBRR","Ni163_167",NA,NA,"Ni163","Kaura","Gates",NA,NA,0.1216421194,0.02475609199,1.41618,20,"Landrace","Durra-caudatum","Niger","4.WASAPhawa/Dungass",12.98594444,9.36175,NA,NA
"395","IZIW","Ni291_156",NA,NA,"Ni291","Ja Dawa-grain relatively clean","Gates",NA,NA,0.07123570751,0.02150360898,1.059096,9,"Landrace","Durra-caudatum","Niger","34.Karamney",13.02419444,7.046027778,NA,NA
"396","IZIX","Ni293_172",NA,NA,"Ni293","Ja Dawa","Gates",NA,NA,0.1267047176,0.02304000183,1.339007,20,"Landrace","Durra-caudatum","Niger","34.Karamney",13.02419444,7.046027778,NA,NA
"397","INWD","PI221581","PI221581",NA,NA,"BUTURI HUTA","Gates",NA,NA,0.1170503857,0.03435334674,1.292278,20,NA,NA,"Nigeria",NA,13.029999,8.310001,NA,13.029999
"398","IXPZ","PI514412","PI514412",NA,NA,"Nieniko Yabiti","Gates",NA,NA,0.1802467879,0.03345986438,2.384393,10,"Cultivar","Guinea","Senegal",NA,13.03,-15.07,NA,13.03
"399","IXPE","PI570524","PI570524","IS3472",NA,"A/83 IS3472","Gates",NA,NA,0.1001520881,0.01924257685,1.129083,19,"Landrace,Cultivated","Caudatum","Sudan",NA,13.039999,30.2,NA,13.03999996
"400","SAMEA12302834","PI533911","PI533911",NA,NA,"Kokla","SAP","keep",NA,0.09789346343,0.01646200287,1.122471,9,"Breeding",NA,"Sudan",NA,13.03999996,30.20000076,NA,13.03999996
"401","SAMEA12302651","PI533912","PI533912",NA,NA,"Mendo","SAP",NA,NA,0.2224144842,0.01106802939,0.82372,9,"Breeding",NA,"Sudan",NA,13.03999996,30.20000076,NA,NA
"402","IFEJ","PI563338","PI563338","IS10105",NA,"IS10105","BAP",NA,NA,0.1142391468,0.0205753856,1.257379,17,"Landrace,Cultivated","Guinea","Burkina Faso",NA,13.060001,-3.059999,NA,13.06000042
"403","IZIT","Ni271_124",NA,NA,"Ni271",NA,"Gates",NA,NA,0.1167203368,0.02648727789,1.343624,20,"Landrace","Durra-caudatum","Niger","33.Gangara",13.07327778,7.17775,NA,NA
"404","JBRT","Ni284_298",NA,NA,"Ni284",NA,"Gates",NA,NA,0.1073859876,0.0180245367,1.08501,8,"Landrace","Durra-caudatum","Niger","33.Gangara",13.07327778,7.17775,NA,NA
"405","IZIU","Ni289_261",NA,NA,"Ni289","Ja Dawa","Gates",NA,NA,0.1173295768,0.02138518168,1.319089,20,"Landrace","Durra-caudatum","Niger","33.Gangara",13.07327778,7.17775,NA,NA
"406","IZIY","Ni295_302",NA,NA,"Ni295","El Dan Mato","Gates",NA,NA,0.108882383,0.02116130378,1.33371,20,"Landrace","Durra-caudatum","Niger","35.Mai Dokoki",13.12372222,7.008416667,NA,NA
"407","IZIZ","Ni297_112",NA,NA,"Ni297","Bouhou Banza","Gates",NA,NA,0.1230968912,0.02420741978,1.392142,20,"Landrace","Durra-caudatum","Niger","35.Mai Dokoki",13.12372222,7.008416667,NA,NA
"408","JBRS","Ni177_193",NA,NA,"Ni177","Kaura","Gates",NA,NA,0.1098678986,0.01774955332,1.082921,8,"Landrace","Durra-caudatum","Niger","9.Mazaniya",13.14647222,8.576166667,NA,NA
"409","IXPB","PI570296","PI570296","IS23076",NA,"IS23076","Gates",NA,NA,0.1037004325,0.02158425828,1.184148,14,"Landrace,Cultivated","Caudatum","Sudan",NA,13.149999,22.219999,NA,13.149999
"410","IQTA","IS_27287","Grif11334","IS27287",NA,"SG 6115;Kazinminga","Gates",NA,NA,0.117134437,0.0195165721,1.245493,17,"Landrace",NA,"Burkina Faso",NA,13.166667,-0.816667,315,NA
"411","IZIS","Ni242_262",NA,NA,"Ni242",NA,"Gates",NA,NA,0.1245695492,0.02240279777,1.334884,20,"Landrace","Durra-caudatum","Niger","29.Karangui",13.188,7.726222222,NA,NA
"412","IQSE","IS_23669",NA,"IS23669",NA,NA,"Gates",NA,NA,0.1364799824,0.02606115748,1.583981,17,"Landrace",NA,"Gambia",NA,13.220002,-16.129999,NA,NA
"413","IZIJ","Ni208_162",NA,NA,"Ni208","Kaura","Gates",NA,NA,0.1142635497,0.02034521332,1.204179,13,"Landrace","Durra-caudatum","Niger","19.Botsotsoia",13.22638889,8.229333333,NA,NA
"414","IZII","Ni205_177",NA,NA,"Ni205",NA,"Gates",NA,NA,0.08180048847,0.03698383742,1.046213,20,"Landrace","Durra-caudatum","Niger","19.Botsotsoia",13.23283333,8.229277778,NA,NA
"415","IZIQ","Ni226_217",NA,NA,"Ni226","Ja Dawa","Gates",NA,NA,0.1084813439,0.01878697743,1.085284,8,"Landrace","Durra-caudatum","Niger","28.Tiki Hameau",13.24466667,7.723194444,NA,NA
"416","IZIR","Ni230_247",NA,NA,"Ni230",NA,"Gates",NA,NA,0.1073793323,0.02453934383,1.227852,20,"Landrace","Durra-caudatum","Niger","28.Tiki Hameau",13.24466667,7.723194444,NA,NA
"417","IZIP","Ni224_310",NA,NA,"Ni224","Ja Dawa","Gates",NA,NA,0.1111972175,0.02088557363,1.309566,20,"Landrace","Durra-caudatum","Niger","27.Tiki Route",13.24772222,7.736416667,NA,NA
"418","IZIH","Ni202_133",NA,NA,"Ni202","Kaura Mai Sauri-10% moldy","Gates",NA,NA,0.1237428187,0.02480588386,1.353166,20,"Landrace","Durra-caudatum","Niger","18.Samiya",13.27002778,8.233194444,NA,NA
"419","IZIK","Ni213_188",NA,NA,"Ni213","Kaura","Gates",NA,NA,0.1115316478,0.01960686089,1.255562,13,"Landrace","Durra-caudatum","Niger","22.Jimai",13.30761111,8.074944444,NA,NA
"420","INTU","7813_AGG324611SORG","AGG324611SORG","IS23666",NA,NA,"Gates",NA,NA,0.1752277267,0.03763024218,2.401262,10,"Landrace",NA,"Gambia",NA,13.312229,-15.885547,NA,NA
"421","IPCF","PI514293","PI514293",NA,NA,"Nieniko","Gates",NA,NA,0.1779539992,0.03584443943,2.399459,10,"Cultivar","Guinea-bicolor","Senegal",NA,13.32,-13.29,NA,13.32
"422","IZIL","Ni214_254",NA,NA,"Ni214","Kaurari","Gates",NA,NA,0.1228627345,0.02281847287,1.318437,4,"Landrace","Durra-caudatum","Niger","23.Guidan Kwagui",13.32375,8.047166667,NA,NA
"423","IXMR","PI513488","PI513488",NA,NA,"Labameram","Gates",NA,NA,0.1102006651,0.02189832296,1.23502,13,"Cultivar","Durra-caudatum","Niger",NA,13.32436,12.01652,NA,13.32436
"424","JHHF","PI586161","PI586161","IS27354",NA,"IS27354","Gates",NA,NA,0.1067780233,0.01986910092,1.186927,17,"Landrace,Cultivated","Guinea","Burkina Faso",NA,13.333333,-1.533333,NA,13.31000042
"425","IXMM","PI513397","PI513397",NA,NA,"Gaberi Boul","Gates",NA,NA,0.1144093846,0.0203284607,1.252023,20,"Cultivar","Caudatum-bicolor","Niger",NA,13.35999966,12.65999985,NA,13.35999966
"426","IZIG","Ni200_256",NA,NA,"Ni200",NA,"Gates",NA,NA,0.08682190685,0.04092727416,0.861393,13,"Landrace","Durra-caudatum","Niger","17.Hawan Dawaki",13.36005556,8.235916667,NA,NA
"427","INMW","PI514456_IS_20043","PI514456","IS20043",NA,"Sg. 1873","BAP",NA,NA,0.1116314223,0.02022559298,1.180558,17,"Landrace,Cultivated","Guinea","Senegal",NA,13.380001,-12.279999,NA,13.380001
"428","IZIM","Ni217_176",NA,NA,"Ni217","Kaurari ** clean grain","Gates",NA,NA,0.1175846145,0.02020541862,1.109415,8,"Landrace","Durra-caudatum","Niger","25.Guidan Tanko",13.42352778,7.783638889,NA,NA
"429","IZIN","Ni218_249",NA,NA,"Ni218",NA,"Gates",NA,NA,0.08580522208,0.0236580285,0.966537,5,"Landrace","Durra-caudatum","Niger","25.Guidan Tanko",13.42352778,7.783638889,NA,NA
"430","IXPN","PI513763","PI513763",NA,NA,"Amokiore","Gates",NA,NA,0.1138921823,0.02507061508,1.243952,2,"Cultivar","Caudatum","Niger",NA,13.430583,2.995058,NA,13.430583
"431","INSW","7790_AGG324564SORG","AGG324564SORG","IS32087",NA,"YSC 3067","Gates",NA,NA,0.1221460942,0.02205203816,1.197531,19,"Landrace",NA,"Yemen",NA,13.439999,44.459999,1380,NA
"432","ISHE","PI522125","PI522125",NA,NA,"Hafijega","Gates",NA,NA,0.1739396154,0.03893556485,2.416712,10,"Wild","Guinea","Gambia",NA,13.443183,-15.31014,NA,13.443183
"433","INSX","7791_AGG324565SORG","AGG324565SORG","IS31852",NA,"YSC 2275","Gates",NA,NA,0.1249598011,0.02528804448,1.344348,2,"Landrace",NA,"Yemen",NA,13.449999,44.470001,200,NA
"434","IXQJ","PI475369","PI475369","IS28688",NA,"IS28688","Gates",NA,NA,0.1658909094,0.03452243335,1.184428,2,"Landrace","Durra","Yemen",NA,13.449999,44.470001,200,13.449999
"435","INXL","PI474993","PI474993","IS28332",NA,"IS28332","Gates",NA,NA,0.1221327558,0.02686494284,1.309311,2,"Landrace","Kafir-caudatum","Yemen",NA,13.470001,44.090001,215,13.470001
"436","IZIF","Ni179_139",NA,NA,"Ni179","Kaurari","Gates",NA,NA,0.07628313713,0.02728425737,0.941906,9,"Landrace","Durra-caudatum","Niger","10.Rigaguen Marke",13.48477778,9.354694444,NA,NA
"437","ISIA","PI656035","PI656035",NA,NA,"El Mota","Gates","keep",NA,0.1044216207,0.02272240648,1.113008,9,"Cultivar",NA,"Niger",NA,13.487388,2.144779,NA,13.487388
"438","IUIA","PI570511","PI570511","IS3586",NA,"A/54 IS3586","Gates",NA,NA,0.08890829719,0.03132057678,0.92332,5,"Landrace,Cultivated","Caudatum","Sudan",NA,13.5,23.5,NA,13.5
"439","IPCG","PI514353","PI514353",NA,NA,"Congossane","Gates",NA,NA,0.1030403902,0.02357807961,1.157742,17,"Cultivar","Guinea","Senegal",NA,13.52,-13.51,NA,13.52
"440","IXMN","PI513402","PI513402",NA,NA,"Nassartiako","Gates",NA,NA,0.1026184146,0.0279031997,1.117164,13,"Cultivar","Durra-caudatum","Niger",NA,13.5251,13.1019,NA,13.5251
"441","IZKD","PI563343","PI563343","IS10139",NA,"IS10139","Gates",NA,NA,0.1091683403,0.02027376553,1.193287,17,"Landrace,Cultivated","Guinea-durra","Burkina Faso",NA,13.579999,-2.417089,NA,13.57999992
"442","IQTH","IS_31861",NA,"IS31861",NA,"YSC 2293","Gates",NA,NA,0.1069591037,0.04925053653,1.077816,2,"Landrace",NA,"Yemen",NA,13.590001,44.520004,190,NA
"443","INTT","7812_AGG324610SORG","AGG324610SORG","IS23645",NA,NA,"Gates",NA,NA,0.1760217907,0.03718746872,2.394625,10,"Landrace",NA,"Gambia",NA,13.659999,-15.399999,NA,NA
"444","IFFD","PI330196","PI330196","IS11914",NA,"IS11914","BAP",NA,NA,0.1330992968,0.0342439418,1.348098,11,"Landrace",NA,"Ethiopia",NA,13.680001,39.580001,2200,13.68000031
"445","JHHN","PI609200","PI609200","IS26149",NA,"IS26149","Gates",NA,NA,0.1073166613,0.02163022457,1.229057,17,"Landrace,Cultivated","Guinea","Mali",NA,13.710001,-6.409999,NA,13.71000004
"446","IPCC","PI513471","PI513471",NA,NA,"Elmalambala","Gates",NA,NA,0.1194865413,0.0197142699,1.255048,13,"Cultivar","Caudatum","Niger",NA,13.71221,9.159453,NA,13.71221
"447","IZHS","Ni016_245",NA,"IS41801","Ni016","Silia","Gates",NA,NA,0.1181787691,0.02461178651,1.343865,20,"Landrace","Durra-bicolor","Niger","Baleyara",13.7838,2.9523,NA,NA
"448","IZKJ","PI513807","PI513807",NA,NA,"Bogoba","Gates",NA,NA,0.1221450959,0.02063347842,1.188048,13,"Cultivar","Caudatum-bicolor","Niger",NA,13.84295,4.050269,NA,13.84295
"449","IXPL","PI513665","PI513665",NA,NA,"Jenjari","Gates",NA,NA,0.09786989247,0.02359347212,1.118273,9,"Cultivar","Caudatum","Niger, Nigeria",NA,13.85000038,4.849999905,NA,13.85000038
"450","IXMW","PI513611","PI513611",NA,NA,"Darza","Gates",NA,NA,0.1194076757,0.02229780289,1.243547,13,"Cultivar","Caudatum-bicolor","Niger",NA,13.891436,6.181868,NA,13.891436
"451","IYYN","PI513676","PI513676",NA,NA,"Matche-Dakomia","GatesRef",NA,NA,0.1266361677,0.01721180834,1.239378,13,"Cultivar",NA,"Niger",NA,13.893812,5.344241,NA,13.893812
"452","IXPX","PI514390","PI514390",NA,NA,"Nieniko","Gates",NA,NA,0.103655204,0.02590186961,1.161482,17,"Cultivar","Guinea","Senegal",NA,13.93000031,-13.43000031,NA,13.93000031
"453","IXMQ","PI513474","PI513474",NA,NA,"Mouji","Gates",NA,NA,0.1144127122,0.02308685104,1.240228,13,"Cultivar","Caudatum-bicolor","Niger",NA,13.94999981,10.25,NA,13.94999981
"454","IXMP","PI513419","PI513419",NA,NA,"Feronomgoyam","Gates",NA,NA,0.1130239114,0.02304710695,1.23817,13,"Cultivar","Caudatum","Niger",NA,13.94999981,11.31000042,NA,13.94999981
"455","IXND","PI513833","PI513833",NA,NA,"Abora","Gates",NA,NA,0.1095071798,0.02280303301,1.098505,8,"Cultivar","Durra-caudatum","Niger",NA,14.006401,3.210611,NA,14.006401
"456","IXNC","PI513809","PI513809",NA,NA,"Bogoba","Gates","keep",NA,0.1070411029,0.02191254441,1.158438,13,"Cultivar","Caudatum-bicolor","Niger",NA,14.02999973,4.210000038,NA,14.02999973
"457","INWA","PI217674","PI217674","IS2262",NA,"BEID EL KEBISH","Gates",NA,NA,0.1026906527,0.01682419312,1.055227,5,"Landrace","Caudatum","Sudan",NA,14.033333,35.383333,580,14.033333
"458","IPDM","PI569007","PI569007","IS14449",NA,"IS14449","Gates",NA,NA,0.07803701056,0.01253651171,1.136393,8,"Landrace,Cultivated",NA,"Sudan",NA,14.033333,35.383333,580,14.033333
"459","IPEL","PI571370","PI571370","IS14446",NA,"IS14446","Gates",NA,NA,0.1084369751,0.01722820331,1.034793,19,"Landrace","Caudatum","Sudan",NA,14.033333,35.383333,580,14.033333
"460","IFJX","PI330195","PI330195","IS11913",NA,"IS11913","BAP",NA,NA,0.1299585359,0.0231980088,1.517125,11,"Landrace",NA,"Ethiopia",NA,14.050001,39.560001,NA,14.05000019
"461","SAMEA12302803","PI534116","PI534116",NA,NA,"Mashica","SAP",NA,NA,0.153488287,0.01961866761,1.532849,11,"Breeding","Durra-bicolor","Ethiopia",NA,14.13000011,38.70999908,NA,NA
"462","SAMEA12302476","PI576381","PI576381",NA,NA,"Mashica","SAP",NA,NA,0.1320748752,0.02279461687,1.135607,18,"Breeding",NA,"Ethiopia",NA,14.13000011,38.70999908,NA,NA
"463","IXNM","PI329813","PI329813","IS11548",NA,"IS11548","Gates",NA,NA,0.1171537374,0.02326950304,1.181789,18,"Landrace",NA,"Ethiopia",NA,14.131781,38.714081,2100,14.13000011
"464","SRR8474634","SRR8474634","PI330886","IS12170",NA,"Col. No. P 609; PI 330886","TERRA_new",NA,NA,0.4869204057,0.01461356489,0.652754,18,"Landrace","Durra","Ethiopia",NA,14.131781,38.714081,2100,NA
"465","SRR8474635","SRR8474635","PI330887","IS12171",NA,"Col. No. P 610; PI 330887","TERRA_new",NA,NA,0.3507143179,0.01459458065,0.848984,18,"Landrace","Durra","Ethiopia",NA,14.131781,38.714081,2100,NA
"466","ISGW","PI511154","PI511154",NA,NA,"Dhirah Hamra","Gates",NA,NA,0.08911269899,0.01646655029,1.028488,14,"Landrace",NA,"Yemen",NA,14.13333333,43.4,190,NA
"467","INLX","PI329465_IS_11222","PI329465","IS11222",NA,"IS11222","BAP",NA,NA,0.1381959204,0.02365598823,1.552508,11,"Landrace",NA,"Ethiopia",NA,14.159361,38.900742,2300,9.399999619
"468","IFJH","PI329466","PI329466","IS11223",NA,"IS11223","BAP",NA,NA,0.1144073602,0.05041896133,0.999379,18,"Landrace",NA,"Ethiopia",NA,14.159361,38.900742,2300,9.399999619
"469","IZLA","PI514319","PI514319",NA,NA,"Nieniko","Gates",NA,NA,0.1030888909,0.02361750719,1.132172,17,"Cultivar","Guinea","Senegal",NA,14.16,-16.03,NA,14.16
"470","JBSM","Sen050_73",NA,NA,"Sn050","Weydé 2","Gates",NA,NA,0.1187672666,0.02436455305,1.166439,17,"Landrace","Guinea","Senegal","Kaolack",14.183,-16.25,NA,NA
"471","IFLZ","PI474825","PI474825","IS28175",NA,"IS28175","BAP",NA,NA,0.1275413202,0.01964241579,1.231999,2,"Landrace","Durra-caudatum","Yemen",NA,14.185833,44.276944,2800,14.185833
"472","IXRC","PI563483","PI563483","IS12339",NA,"IS12339","Gates",NA,NA,0.1794654245,0.02167088369,1.172686,18,"Landrace,Cultivated","Guinea-caudatum","Senegal",NA,14.210001,-16.549999,NA,14.21000004
"473","IZHQ","Ni007_152",NA,"IS41778","Ni007","Hamo Kirey","Gates",NA,NA,0.1133041285,0.01992892793,1.243179,17,"Landrace",NA,"Niger","Kokoro",14.21138,0.916944,NA,NA
"474","IXQD","PI563302","PI563302",NA,NA,"MAYO","Gates",NA,NA,0.09931925685,0.01906754737,1.085756,5,"Cultivar","Caudatum","Sudan",NA,14.23999977,23.29000092,NA,14.23999977
"475","IXNS","PI570125","PI570125","IS22903",NA,"IS22903","Gates",NA,NA,0.1183634822,0.02118653171,1.257525,13,"Landrace,Cultivated",NA,"Sudan",NA,14.25,31.1,NA,14.25
"476","IXMH","PI570604","PI570604","IS6925",NA,"A/331 IS6925","Gates",NA,NA,0.1101361916,0.021067404,1.240203,15,"Landrace,Cultivated","Guinea-kafir","Sudan",NA,14.270001,32.169998,NA,14.27000046
"477","IFFE","PI330199","PI330199","IS11917",NA,"IS11917","BAP",NA,NA,0.1366652224,0.03163894024,1.25697,18,"Landrace",NA,"Ethiopia",NA,14.273951,39.422016,2500,14.27999973
"478","JBSK","Sen046_021",NA,NA,"Sn046","Bassi","Gates",NA,NA,0.1081588932,0.01957220074,1.210541,17,"Landrace","Guinea","Senegal","Sinthiou-Malème",14.2758,-12.80619,NA,NA
"479","IXPR","PI513846","PI513846",NA,NA,"Amo Koire","Gates",NA,NA,0.1026481695,0.03446126317,1.115924,8,"Cultivar","Kafir-bicolor","Niger",NA,14.28691,2.548415,NA,14.28691
"480","IXNX","PI570218","PI570218","IS22998",NA,"IS22998","Gates",NA,NA,0.1051826576,0.02052971556,1.081963,19,"Landrace,Cultivated","Durra","Sudan",NA,14.300001,22.566702,NA,14.300001
"481","JBSL","Sen048_036",NA,NA,"Sn048","Tigne de Dangalma","Gates",NA,NA,0.1974295731,0.0330821357,2.329071,10,"Landrace","Guinea","Senegal","Fatick",14.3166654,-16.416665,NA,NA
"482","IPDZ","PI570253","PI570253","IS23033",NA,"IS23033","Gates",NA,NA,0.1202423926,0.01915828808,1.164595,13,"Landrace,Cultivated",NA,"Sudan",NA,14.319999,33.419998,NA,14.319999
"483","IXMT","PI513564","PI513564",NA,NA,"Mota","Gates",NA,NA,0.1113591361,0.02058737173,1.167402,13,"Cultivar",NA,"Niger",NA,14.33,6.78,NA,14.33
"484","IXNK","PI586112","PI586112","IS27302",NA,"IS27302","Gates",NA,NA,0.1116287879,0.01921301088,1.087158,8,"Landrace,Cultivated","Durra","Burkina Faso",NA,14.350001,-0.409999,NA,14.35000038
"485","IXMS","PI513514","PI513514",NA,NA,"Lalla","Gates",NA,NA,0.1037280799,0.01984297829,1.174176,13,"Cultivar","Caudatum-bicolor","Niger",NA,14.38000011,9.029999733,NA,14.38000011
"486","INLP","PI329299_IS_11057","PI329299","IS11057",NA,"IS11057","BAP",NA,NA,0.1333632084,0.02261965295,1.203035,18,"Landrace","Durra-caudatum","Ethiopia",NA,14.399999,39.380001,1600,14.39999962
"487","IFJE","PI329300","PI329300","IS11058",NA,"IS11058","BAP",NA,NA,0.1360398155,0.0226400119,1.205042,18,"Landrace","Durra","Ethiopia",NA,14.399999,39.380001,1600,14.39999962
"488","IFJF","PI329301","PI329301","IS11059",NA,"IS11059","JGI_Ref",NA,NA,0.1342791481,0.02273058292,1.206392,18,"Landrace",NA,"Ethiopia",NA,14.399999,39.380001,1600,14.39999962
"489","IXPS","PI513865","PI513865",NA,NA,"Amo Koire","Gates",NA,NA,0.1062441549,0.01934922783,1.0743,8,"Cultivar","Durra","Niger",NA,14.42000008,1.549999952,NA,14.42000008
"490","IXNA","PI513684","PI513684",NA,NA,"Bogoba","Gates",NA,NA,0.1118918398,0.0211970097,1.177934,13,"Cultivar","Caudatum-bicolor","Niger",NA,14.46347,5.250163,NA,14.46347
"491","JHES","IS5106","PI684140","IS5106",NA,NA,"Gates",NA,NA,0.1137790139,0.02003376087,1.149926,2,"Landrace",NA,"India",NA,14.470001,78.819999,NA,NA
"492","IXPT","PI513883","PI513883",NA,NA,"Abora Mamala","Gates",NA,NA,0.1037327663,0.02601608313,0.986883,8,"Cultivar","Durra","Niger",NA,14.56000042,0.709999979,NA,14.56000042
"493","JBRY","Sen010_039",NA,NA,"Sn010","Congossané N°10","Gates",NA,NA,0.1306825248,0.03707137831,1.598694,13,"Landrace","Guinea","Senegal","Diourbel",14.666664,-16.249999,NA,NA
"494","IXMX","PI513651","PI513651",NA,NA,"Fara Dawa","Gates",NA,NA,0.1102130884,0.02059619667,1.121392,8,"Cultivar","Durra","Niger",NA,14.67000008,4.349999905,NA,14.67000008
"495","JBSA","Sen011_047",NA,NA,"Sn011","Congossané N°15","Gates",NA,NA,0.1071949519,0.02098830923,1.187459,17,"Landrace","Guinea","Senegal","Bambey",14.7166638,-16.6166642,NA,NA
"496","JBSI","Sen041_10",NA,NA,"Sn041","Congossané","Gates",NA,NA,0.1085123467,0.02058701466,1.149842,17,"Landrace","Guinea","Senegal","Bambey",14.7166638,-16.6166642,NA,NA
"497","IXPY","PI514403","PI514403",NA,NA,"Nieniko","Gates",NA,NA,0.1064256513,0.02148688185,1.167817,17,"Cultivar","Guinea","Senegal",NA,14.73,-13.71,NA,14.73
"498","JBRB","Ni001_264",NA,"IS41768","Ni001","Kadâga","Gates",NA,NA,0.1100470379,0.02047388513,1.088894,8,"Landrace","Durra","Niger","Wanzerbé",14.74277,0.362778,NA,NA
"499","JBRC","Ni002_239",NA,"IS41769","Ni002","Kadelt Hamo","Gates",NA,NA,0.09805773914,0.02948569192,1.21082,9,"Landrace","Caudatum","Niger","Wanzerbé",14.74277,0.362778,NA,NA
"500","IXNB","PI513707","PI513707",NA,NA,"Mota Ja","Gates",NA,NA,0.11690175,0.02279507624,1.249932,13,"Cultivar","Caudatum-bicolor","Niger",NA,14.7589,5.7747,NA,14.7589
"501","IPCE","PI513709","PI513709",NA,NA,"Mota Fara","Gates",NA,NA,0.1139978634,0.01885778559,1.102734,19,"Cultivar",NA,"Niger",NA,14.7589,5.7747,NA,14.7589
"502","IXMU","PI513568","PI513568",NA,NA,"Sababassata","Gates",NA,NA,0.1247460264,0.01848779789,1.181029,13,"Cultivar","Durra-caudatum","Niger",NA,14.8263,8.2761,NA,14.8263
"503","IZHK","Sen038_087",NA,NA,"Sn038","Senguirane","Gates",NA,NA,0.1042054334,0.02074357859,1.186366,17,"Landrace","Guinea","Senegal","Mont-Roland",14.92082,-16.99047,NA,NA
"504","IXQF","PI585671","PI585671",NA,NA,"KENINKE","Gates",NA,NA,0.09720740988,0.0307928238,1.074196,17,"Cultivar","Guinea","Mali",NA,15.01000023,-7.659999847,NA,15.01000023
"505","INLK","PI291246_IS_2253","PI291246","IS2253",NA,"IS2253","BAP",NA,NA,0.1249796562,0.02095407128,1.167734,2,"Breeding","Durra","India,Jamaica",NA,15.090001,77.040001,NA,15.090001
"506","IXMI","PI571302","PI571302","IS9927",NA,"IS9927","Gates",NA,NA,0.09696812305,0.01842686118,1.077707,5,"Landrace","Caudatum","Sudan",NA,15.130001,35.380001,NA,15.130001
"507","INXQ","PI475552","PI475552","IS28849",NA,"IS28849","Gates",NA,NA,0.1260427341,0.02297660523,1.173074,18,"Landrace","Kafir-durra","Yemen",NA,15.140001,43.560001,650,15.140001
"508","IQSA","IS_22074",NA,"IS22074",NA,"Kebari jola","Gates",NA,NA,0.1187108349,0.02280590382,1.202095,2,"Landrace",NA,"India",NA,15.140001,76.910001,650,NA
"509","IXPU","PI514284","PI514284",NA,NA,"Nieniko","Gates",NA,NA,0.1066728691,0.02022188104,1.163715,17,"Cultivar","Guinea","Senegal",NA,15.18,-13.74,NA,15.18
"510","IXPQ","PI513843","PI513843",NA,NA,"Dawa Ja","Gates",NA,NA,0.1104256984,0.01888761163,1.098954,8,"Cultivar","Durra-caudatum","Niger",NA,15.18000031,3.50999999,NA,15.18000031
"511","IZKN","PI585681","PI585681",NA,NA,"MANGANIE","Gates",NA,NA,0.1270684313,0.02066309521,1.271904,13,"Cultivar","Durra","Mali",NA,15.26000023,-8.479999542,NA,15.26000023
"512","IZKG","PI563485","PI563485","IS12367",NA,"IS12367","Gates",NA,NA,0.09362168473,0.0175878975,1.262617,8,"Landrace,Cultivated","Kafir-durra","Senegal",NA,15.289999,-16.209999,NA,15.28999996
"513","IQTI","IS_32050",NA,"IS32050",NA,"YSC 2918","Gates",NA,NA,0.106493702,0.04709937652,1.033619,2,"Landrace",NA,"Yemen",NA,15.289999,43.330001,880,NA
"514","INLM","PI329256_IS_11014","PI329256","IS11014",NA,"IS11014","BAP",NA,NA,0.1415886687,0.01924068298,1.145989,18,"Landrace","Durra","Ethiopia, Eritrea",NA,15.319999,38.919998,NA,15.31999969
"515","INXI","PI330243","PI330243","IS11960",NA,"IS11960","Gates",NA,NA,0.125762212,0.02210347574,1.175812,18,"Landrace",NA,"Ethiopia",NA,15.319999,38.919998,2356,15.319999
"516","INXP","PI475422","PI475422","IS28740",NA,"IS28740","Gates",NA,NA,0.1231539052,0.03130388164,1.255188,2,"Landrace","Kafir-durra","Yemen",NA,15.319999,44.150001,220,15.319999
"517","IFGI","PI329435","PI329435",NA,NA,"Mashila","BAP","keep",NA,0.06235710973,0.009504462014,1.093216,14,NA,"other","Ethiopia, Eritrea",NA,15.31999969,38.91999817,NA,NA
"518","INLW","PI329440_Mashila","PI329440",NA,NA,"Mashila","BAP","keep",NA,0.0937787505,0.01588532201,1.152094,8,NA,"other","Ethiopia, Eritrea",NA,15.31999969,38.91999817,NA,NA
"519","IFLW","PI533863","PI533863",NA,NA,"740 Oua Berr","BAP","keep",NA,0.09702807648,0.01534249786,1.116808,9,"Breeding",NA,"Chad",NA,15.454166,18.732206,NA,15.454166
"520","IXNQ","PI569847","PI569847","IS22401",NA,"IS22401","Gates",NA,NA,0.08309569879,0.04521227176,0.80386,5,"Wild,Cultivated","Shattercane","Sudan",NA,15.460001,36.389999,NA,15.460001
"521","IPCD","PI513639","PI513639",NA,NA,"Bourtou","Gates",NA,NA,0.114526657,0.01934093468,1.107322,8,"Cultivar","Durra-caudatum","Niger",NA,15.464294,6.2854,NA,15.464294
"522","SAMEA12302471","PI533856","PI533856",NA,NA,"Jola Nandyal","SAP",NA,NA,0.1243644542,0.0205859229,1.126892,2,"Breeding",NA,"India",NA,15.47000027,75.01999664,NA,NA
"523","SRR8474691","SRR8474691","PI665138","IS6368",NA,NA,"TERRA_new",NA,NA,0.4022835822,0.01427185834,0.856419,2,"Landrace","Durra","India",NA,15.470001,75.019996,NA,NA
"524","JHEY","IS6351","PI684232","IS6351",NA,"Jola Nandyal","Gates",NA,NA,0.1156213201,0.02081242218,1.151004,2,"Landrace",NA,"India",NA,15.470001,75.019996,679,NA
"525","JBSB","Sen015_060",NA,NA,"Sn015","Diakhnat RT50","Gates",NA,NA,0.10770683,0.02080751154,1.162302,17,"Landrace","Durra","Senegal","Fleuve Senegal",15.78616352,-16.5239979,NA,NA
"526","JBSC","Sen017_079",NA,NA,"Sn017","Fellah Blanc 2","Gates",NA,NA,0.1176236037,0.0205265851,1.141946,8,"Landrace","Guinea","Senegal","Fleuve Senegal",15.78616352,-16.5239979,NA,NA
"527","JBSD","Sen021_095",NA,NA,"Sn021","Fellah rouge 2","Gates",NA,NA,0.1047191694,0.02076935822,1.18129,17,"Landrace","Guinea","Senegal","Fleuve Senegal",15.78616352,-16.5239979,NA,NA
"528","JBSE","Sen030_030",NA,NA,"Sn030","Pourdi Blanc","Gates",NA,NA,0.1079072386,0.02087727755,1.181806,17,"Landrace","Guinea","Senegal","Fleuve Senegal",15.78616352,-16.5239979,NA,NA
"529","JBSF","Sen033_018",NA,NA,"Sn033","Samba Guéri Ogo","Gates",NA,NA,0.06867676105,0.04843403628,0.796248,9,"Landrace","Guinea","Senegal","Fleuve Senegal",15.78616352,-16.5239979,NA,NA
"530","IZJH","Sen053_041",NA,NA,"Sn053","Diériker Ndélé","Gates",NA,NA,0.1085843906,0.02029949454,1.184848,17,"Landrace","Guinea","Senegal","Fleuve Senegal",15.78616352,-16.5239979,NA,NA
"531","IZJI","Sen056_080",NA,NA,"Sn056","Fellah  Blanc 4","Gates",NA,NA,0.1077198633,0.03374278564,1.078982,4,"Landrace","Guinea","Senegal","Fleuve Senegal",15.78616352,-16.5239979,NA,NA
"532","JHFP","IS22040",NA,"IS22040",NA,NA,"Gates",NA,NA,0.1214828906,0.02455028238,1.202402,2,"Landrace",NA,"India",NA,15.819999,78.029998,NA,NA
"533","IXPM","PI513688","PI513688",NA,NA,"Darza","Gates",NA,NA,0.11180435,0.02026980617,1.241759,13,"Cultivar",NA,"Niger",NA,15.85999966,5.349999905,NA,15.85999966
"534","IXQK","PI475714","PI475714","IS28991",NA,"IS28991","Gates","keep",NA,0.1765569901,0.0239690951,1.114767,19,"Landrace","Guinea","Yemen",NA,16.040001,49.240001,1355,16.040001
"535","IQTJ","IS_32092",NA,"IS32092",NA,"YSC 3096","Gates",NA,NA,0.119012876,0.02276011792,1.259431,2,"Landrace",NA,"Yemen",NA,16.083333,49.416701,1350,NA
"536","SAMEA12302629","PI533769","PI533769",NA,NA,"290 Feterita Shendi 2","SAP",NA,NA,0.09818266522,0.01533997025,1.093465,9,"Breeding",NA,"Sudan",NA,16.39999962,33.25,NA,NA
"537","JBSG","Sen037_059",NA,NA,"Sn037","Sarasso RT 44","Gates",NA,NA,0.1219758841,0.02217317891,1.203701,9,"Landrace","Durra","Senegal","Richard Toll",16.4666648,-15.6833306,NA,NA
"538","IZJK","Sen070_027",NA,NA,"Sn070","Sarakholé Mbilor","Gates",NA,NA,0.1198287085,0.02187482268,1.173354,8,"Landrace","Guinea","Senegal","Mbilor",16.51667,-15.58333,NA,NA
"539","IXMF","PI570554","PI570554","IS6977",NA,"A/146 IS6977","Gates",NA,NA,0.1064724605,0.01926432572,1.122826,19,"Landrace,Cultivated","Caudatum","Sudan",NA,16.683333,33.433333,367,16.39999962
"540","SAMEA12302508","PI534009","PI534009",NA,NA,"Yerra Jonna Goda","SAP",NA,NA,0.1037342361,0.01816817304,1.169836,2,"Breeding",NA,"India",NA,16.70999908,81.11000061,NA,NA
"541","JHFX","IS6413","PI684269","IS6413",NA,"Jowar kalgundi","Gates",NA,NA,0.1171997424,0.02156623663,1.177116,2,"Landrace",NA,"India",NA,16.729395,74.230003,550,NA
"542","JHGE","IS5622","PI683696","IS5622",NA,NA,"Gates",NA,NA,0.1208173299,0.02270627771,1.194397,2,"Landrace",NA,"India",NA,16.819999,75.720001,NA,NA
"543","SRR8474575","SRR8474575","PI665123","IS5145",NA,NA,"TERRA_new",NA,NA,0.4133078582,0.01605514344,0.825367,2,"Landrace","Durra","India",NA,17.010001,81.730003,NA,NA
"544","SAMEA12302681","PI659694","PI659694",NA,NA,"Tortillerio","SAP",NA,NA,0.1091055584,0.01853463058,1.094657,5,NA,NA,"Andhra Pradesh",NA,17.2399997,78.19000244,NA,NA
"545","SAMEA12302489","PI576390","PI576390",NA,NA,"Kharuth Waragel","SAP",NA,NA,0.1341188101,0.01706148983,1.106994,2,"Breeding",NA,"India",NA,17.28000069,74.19999695,NA,NA
"546","SRR8474688","SRR8474688","PI665143","IS6446",NA,NA,"TERRA_new",NA,NA,0.3014807138,0.01764197198,1.007896,2,"Landrace","Durra","India",NA,17.286501,74.181428,NA,NA
"547","SRR8474656","SRR8474656","PI665148","IS6451",NA,NA,"TERRA_new",NA,NA,0.3011060187,0.01537524655,0.919571,2,"Landrace","Durra","India",NA,17.286501,74.181428,NA,NA
"548","SRR8474721","SRR8474721","PI665125","IS5193",NA,NA,"TERRA_new",NA,NA,0.3255122489,0.01701473203,0.994796,7,"Landrace","Kafir","India",NA,17.379999,80.519996,NA,NA
"549","ISMB","PI655981","PI655981",NA,NA,"CSM 63","GatesRef","keep",NA,0.1113770778,0.01987581807,1.207206,17,NA,NA,"Mali",NA,17.570692,-3.996166,NA,17.570692
"550","IXNZ","PI570260","PI570260","IS23040",NA,"IS23040","Gates",NA,NA,0.09331978234,0.02843294106,0.992538,19,"Landrace,Cultivated","Durra-caudatum","Sudan",NA,18.090001,26.379999,NA,18.090001
"551","SRR8474652","SRR8474652","PI665156",NA,NA,"Jundra Jesa","TERRA_new",NA,NA,0.3634528681,0.0150089744,0.963479,7,NA,"Kafir","Madhya Pradesh,India",NA,19.2,81.93,NA,NA
"552","SRR8474757","SRR8474757","PI665108","IS5893",NA,NA,"TERRA_new",NA,NA,0.3364681414,0.02525109038,0.766541,7,"Landrace","Kafir","India",NA,19.200001,81.930001,NA,NA
"553","IQUD","PI644605","PI644605","IS3971",NA,"IS3971","Gates",NA,NA,0.1209534314,0.02452883924,1.22403,2,"Landrace",NA,"India",NA,19.259167,76.783056,420,19.259167
"554","INTY","7816_AGG324619SORG","AGG324619SORG","IS21991",NA,NA,"Gates",NA,NA,0.1129534203,0.02107591657,1.168121,2,"Landrace",NA,"India",NA,19.680001,78.650001,370,NA
"555","JHFW","IS4963","PI683935","IS4963",NA,NA,"Gates",NA,NA,0.1120396713,0.02362119815,1.212191,7,"Landrace",NA,"India",NA,20.456098,76.363728,NA,NA
"556","JHID","IS24335",NA,"IS24335",NA,NA,"Gates",NA,NA,0.1197147359,0.02607070325,1.212723,2,"Landrace",NA,"India",NA,20.7,77.75,NA,NA
"557","SAMEA12302466","PI595699","PI595699",NA,NA,"SAP-340","SAP","keep",NA,0.1045046182,0.01566871821,1.139169,2,"Breeding",NA,"Texas, India",NA,21.07999992,79.02999878,NA,21.07999992
"558","INUD","7821_AGG324635SORG","AGG324635SORG","IS19685",NA,NA,"Gates",NA,NA,0.1012035193,0.02552904202,1.174369,7,"Landrace",NA,"India",NA,21.1,80.910001,NA,NA
"559","INWJ","PI248323","PI248323","IS1127",NA,"IS1127","Gates",NA,NA,0.1052301877,0.016919361,1.134515,2,"Landrace","Kafir","India",NA,21.400001,81.966666,NA,21.400001
"560","SRR8474674","SRR8474674","PI665072","IS5322",NA,NA,"TERRA_new",NA,NA,0.4195650881,0.01463782482,0.705275,7,"Landrace","Kafir","India",NA,21.450001,83.959999,NA,NA
"561","IXQR","PI644442","PI644442","IS4776",NA,"IS4776","Gates",NA,NA,0.1985728755,0.02468726865,1.220338,2,"Landrace",NA,"India,Gujarat",NA,21.522184,70.457877,170,21.522184
"562","SRR8474675","SRR8474675","PI665073","IS5337",NA,NA,"TERRA_new",NA,NA,0.3005592557,0.01685227945,0.953343,7,"Landrace","Kafir","India",NA,21.62,85.589996,NA,NA
"563","JHFU","IS4285","PI683751","IS4285",NA,"Jhallar","Gates",NA,NA,0.123173788,0.02509004328,1.187282,2,"Landrace",NA,"India",NA,21.967175,77.745208,618,NA
"564","SRR8474752","SRR8474752","PI683914","IS5821",NA,"NSL52282","TERRA_new",NA,NA,0.4762525226,0.01307357621,0.626117,7,"Landrace",NA,"India",NA,22.579999,80.349998,NA,NA
"565","IQUF","PI644693","PI644693","IS4726",NA,"IS4726","Gates",NA,NA,0.1218242535,0.02264354874,1.191235,2,"Landrace",NA,"India,Gujarat",NA,22.720132,71.649536,68,22.720132
"566","IQUS","PI665135","PI665135","IS5867",NA,"IS5867","Gates","keep",NA,0.1186510202,0.0267527414,1.195589,2,"Landrace",NA,"India",NA,23.04,79.489997,675,23.04
"567","JHEU","IS5972","PI677422","IS5972",NA,"Bedra khama","Gates",NA,NA,0.1176739346,0.02242791601,1.205059,2,"Landrace",NA,"India",NA,24.579999,80.830001,320,NA
"568","INUC","7820_AGG324634SORG","AGG324634SORG","IS19847",NA,NA,"Gates",NA,NA,0.1175404398,0.0206595231,1.184901,2,"Landrace",NA,"India",NA,24.909999,79.589996,NA,NA
"569","IFGJ","PI576401","PI576401",NA,NA,"Mehra, Sonthia","BAP","keep",NA,0.1158012913,0.02038119229,1.264669,2,"Breeding",NA,"India",NA,25.45999908,76.36000061,NA,25.45999908
"570","JHIA","IS6211",NA,"IS6211",NA,NA,"Gates",NA,NA,0.1168660053,0.02238450727,1.188191,2,"Landrace",NA,"India",NA,25.5,75.449996,NA,NA
"571","JHFY","IS6094","PI683103","IS6094",NA,NA,"Gates",NA,NA,0.1163626129,0.02218525043,1.194566,2,"Landrace",NA,"India",NA,25.989999,79.980001,NA,NA
"572","IQUA","PI644384","PI644384","IS4112",NA,"IS4112","Gates",NA,NA,0.09272055311,0.01906625524,1.155862,16,"Landrace",NA,"India,Rajasthan",NA,26.159999,75.779998,289,26.159999
"573","INWU","PI271619","PI271619","IS13264",NA,"IS13264","Gates",NA,NA,0.1348613785,0.02339021564,1.463468,3,"Landrace",NA,"India",NA,26.450001,74.640001,486,26.450001
"574","JHGD","IS6154",NA,"IS6154",NA,"Jowar red gopalgarh","Gates","keep",NA,0.1174516189,0.0221701758,1.174342,2,"Landrace",NA,"India",NA,26.51,83.779998,NA,NA
"575","JHEW","IS6193","NSL55597","IS6193",NA,"Jowar murdran","Gates",NA,NA,0.1139781192,0.02063833562,1.163418,2,"Landrace",NA,"India",NA,26.549999,80.489997,127,NA
"576","IFHG","PI576366","PI576366",NA,NA,"Jowar Red Jankinagar","BAP","unresolved",NA,0.1066357656,0.0236542219,1.054089,2,"Breeding",NA,"India",NA,26.79999924,82.72000122,NA,26.79999924
"577","SAMEA12302810","PI576366","PI576366",NA,NA,"Jowar Red Jankinagar","SAP","unresolved",NA,0.121213433,0.0155346093,1.122634,9,"Breeding",NA,"India",NA,26.79999924,82.72000122,NA,26.79999924
"578","IQUE","PI644617","PI644617","IS4027",NA,"IS4027","Gates",NA,NA,0.1198366949,0.02240700217,1.220722,2,"Landrace",NA,"India",NA,26.926237,75.823501,431,26.926237
"579","INLC","PI218112_IS_2352","PI218112","IS2352",NA,"IS2352","BAP",NA,NA,0.1252787301,0.02272368462,1.210005,2,"Landrace","Durra; other","Pakistan",NA,31.823759,73.909501,NA,31.823759
"580","INLF","PI253986_MN_4138","PI253986","IS13150",NA,"IS13150","BAP",NA,NA,0.1304576024,0.02080878593,1.156305,2,"Landrace","other","Syria",NA,33.511111,36.299999,NA,33.511111
"581","IPDA","PI562776","PI562776","IS3672",NA,"IS3672","Gates",NA,NA,0.113843432,0.01974710211,1.157689,5,"Breeding,Cultivated","Durra","United States",NA,33.576698,-101.855072,NA,33.576698
"582","IQUC","PI644578","PI644578","IS3675",NA,"IS3675","Gates",NA,NA,0.09403118161,0.01528623616,1.140019,9,"Breeding",NA,"United States,Texas",NA,33.576698,-101.855072,NA,33.576698
"583","IFJZ","PI302252","PI302252","IS13726",NA,"IS13726","BAP",NA,NA,0.1384625773,0.01707782635,1.121428,16,"Landrace",NA,"China",NA,35.86166,104.195396,NA,35.86166
"584","IQTW","PI643503","PI643503","IS35",NA,"IS35","Gates",NA,NA,0.138360418,0.02472577684,1.612957,3,"Landrace",NA,"United States",NA,36.11561,-97.05837,NA,36.11561
"585","IDUX","PI181899","PI181899","IS12893",NA,"IS12893","BAP",NA,NA,0.181620753,0.01370931125,1.035207,2,"Landrace",NA,"Syria",NA,36.209999,37.159999,NA,36.209999
"586","IQTQ","PI563987","PI563987",NA,NA,"GAOLIANG","Gates",NA,NA,0.1149289162,0.01976969146,1.227328,15,"Cultivar",NA,"China",NA,36.84000015,111.7600021,NA,36.84000015
"587","INKS","PI167093_IS_81","PI167093","IS81",NA,"IS81","BAP",NA,NA,0.1017901311,0.015945873,0.999751,19,"Landrace","Durra","Egypt",NA,36.983056,35.332778,NA,NA
"588","JHIG","IS30403","PI610728","IS30403",NA,"GAOLIANG","Gates",NA,NA,0.1036554813,0.01958369379,1.34449,1,"Landrace,Cultivated",NA,"China,Shanxi Sheng",NA,37.029998,111.910003,NA,NA
"589","ISMX","PI35038","PI35038",NA,NA,"SUMAC","BAP","keep",NA,0.08441392545,0.0140575621,1.209098,16,NA,"Caudatum","Texas",NA,37.09024,-95.712891,NA,37.09024
"590","IDYP","PI511355","PI511355",NA,NA,"SMITH","BAP",NA,NA,0.1048537179,0.01643139264,0.944085,14,"Cultivar",NA,"Texas",NA,37.09024,-95.712891,NA,37.09024
"591","IPFI","PI610740","PI610740",NA,NA,"GAOLIANG","Gates",NA,NA,0.1179028225,0.01925416022,1.213845,15,"Cultivar",NA,"Shanxi Sheng",NA,37.2,112.1833333,NA,37.2
"592","IPDJ","PI563998","PI563998",NA,NA,"HOUNG KE ER JIAO","Gates",NA,NA,0.1152452662,0.01954441733,1.221275,15,"Cultivar",NA,"Shanxi Sheng",NA,37.34999847,112.3099976,NA,37.34999847
"593","IPDI","PI563989","PI563989",NA,NA,"HE DONG GAOLIANG","Gates",NA,NA,0.1167416339,0.01849613395,1.215321,15,"Cultivar",NA,"Shanxi Sheng",NA,37.50999832,111.1299973,NA,37.50999832
"594","IXMY","PI704443","Grif7263","IS30436",NA,"JIN SUI GAOLIANG","Gates",NA,NA,0.1143670955,0.02069496237,1.219219,15,"Landrace,Cultivated",NA,"China,Shanxi Sheng",NA,37.697792,112.708241,794,NA
"595","IPFG","PI610702","PI610702",NA,NA,"XIANG GUAN DONG HUANG","Gates",NA,NA,0.1165911125,0.01993759907,1.224154,15,"Cultivar",NA,"Shanxi Sheng",NA,37.83333333,112.5,NA,37.83333333
"596","IPFF","PI610691","PI610691",NA,NA,"ER NIU XIN","Gates",NA,NA,0.1132166941,0.01988152633,1.23015,15,"Cultivar",NA,"Shanxi Sheng",NA,38.51666667,112.9333333,NA,NA
"597","IDMN","NYTWAL","PI152751","IS2580",NA,"MN 880","BAP","unresolved",NA,0.1169882138,0.01625612878,1.11874,19,"Breeding","Guinea-caudatum","United States,Sudan",NA,39.03483,-76.90747,NA,NA
"598","IQTR","PI564001","PI564001",NA,NA,"JIN TON GAOLIANG","Gates",NA,NA,0.1159659275,0.01861848891,1.205125,15,"Cultivar",NA,"China",NA,39.43000031,114.2300034,NA,39.43000031
"599","IXQP","PI610726","PI610726",NA,NA,"CHANG GAN GAOLIANG","Gates","keep",NA,0.1782684358,0.02092902075,1.238084,15,"Cultivar",NA,"Shanxi Sheng",NA,39.43333333,111.4833333,NA,39.43333333
"600","ISMU","PI92270","PI92270","IS12748",NA,"IS12748","BAP",NA,NA,0.1159191461,0.02064820356,1.225771,15,"Landrace","Mixed,Kafir","China,Beijing Shi",NA,39.928891,116.388333,NA,39.928891
"601","IFFJ","PI175919","PI175919","IS12833",NA,"IS12833","BAP",NA,NA,0.09089621638,0.0156001709,1.186857,16,"Landrace","Caudatum-bicolor","Turkey",NA,40.222604,27.242626,55,40.222604
"602","JHIB","IS8375","PI669616","IS8375",NA,"FINNEY MILO","Gates",NA,NA,0.1171526559,0.02204437685,1.172059,8,"Breeding",NA,"United States",NA,40.6765,-95.8587,NA,NA
"603","IZKS","PI643580","PI643580","IS2221",NA,"IS2221","Gates",NA,NA,0.08079636564,0.01585904857,1.142848,16,"Breeding",NA,"United States,Nebraska",NA,40.808889,-96.680278,NA,40.808889
"604","INUY","PI170799","PI170799","IS12804",NA,"IS12804","Gates",NA,NA,0.1394520029,0.02439561671,1.526408,3,"Landrace",NA,"Turkey",NA,41.018611,28.964722,NA,41.018611
"605","IDMM","Juar",NA,NA,NA,NA,"BAP",NA,NA,0.1238161937,0.01776084952,1.221737,1,NA,NA,NA,NA,NA,NA,NA,NA
"606","ISGC","00KOF5DT19",NA,NA,NA,NA,"Gates",NA,NA,0.07596354266,0.01361689832,1.028026,5,NA,NA,NA,NA,NA,NA,NA,NA
"607","ISGK","02-SB-F4DT-275",NA,NA,NA,NA,"Gates",NA,NA,0.1048396308,0.01487026183,1.030632,5,NA,NA,NA,NA,NA,NA,NA,NA
"608","ISHC","98-BE-F5P-84",NA,NA,NA,NA,"Gates",NA,NA,0.1219170954,0.01893580175,1.161233,17,NA,NA,NA,NA,NA,NA,NA,NA
"609","ISHJ","RTAM2566",NA,NA,NA,NA,"Gates",NA,NA,0.09025128722,0.01495860119,0.996618,14,NA,NA,NA,NA,NA,NA,NA,NA
"610","ISHK","98-SB-F2-78",NA,NA,NA,NA,"Gates",NA,NA,0.102461127,0.01831832545,1.056667,5,NA,NA,NA,NA,NA,NA,NA,NA
"611","ISHS","Ribdahu",NA,NA,NA,NA,"Gates",NA,NA,0.0979440162,0.01774791946,1.015924,19,NA,NA,NA,NA,NA,NA,NA,NA
"612","ISHT","BBI_G_5_34",NA,NA,NA,NA,"Gates",NA,NA,0.1209436425,0.02197307206,1.361577,4,NA,NA,NA,NA,NA,NA,NA,NA
"613","ISHU","Keninkeni",NA,NA,NA,NA,"Gates",NA,NA,0.103179237,0.02088502219,1.179254,17,NA,NA,NA,NA,NA,NA,NA,NA
"614","ISIC","CIR8-703",NA,NA,NA,NA,"Gates",NA,NA,0.100861158,0.01856626073,1.061781,5,NA,NA,NA,NA,NA,NA,NA,NA
"615","ISID","L2P9",NA,NA,NA,NA,"Gates",NA,NA,0.1212223622,0.02715560416,1.201911,2,NA,NA,NA,NA,NA,NA,NA,NA
"616","ISIK","CIRAD_406",NA,NA,NA,NA,"Gates",NA,NA,0.09790974125,0.01742603957,1.049988,5,NA,NA,NA,NA,NA,NA,NA,NA
"617","ISIL","Lata3",NA,NA,NA,NA,"Gates",NA,NA,0.1054508951,0.02128345454,1.196404,17,NA,NA,NA,NA,NA,NA,NA,NA
"618","ISIS","SC0999",NA,NA,NA,NA,"Gates",NA,NA,0.1151962664,0.02266485663,1.563026,11,NA,NA,NA,NA,NA,NA,NA,NA
"619","ISIT","Doua-G",NA,NA,NA,NA,"Gates",NA,NA,0.0696453056,0.05674784037,0.622608,17,NA,NA,NA,NA,NA,NA,NA,NA
"620","ISIU","Lina-3",NA,NA,NA,NA,"Gates",NA,NA,0.1078363316,0.02110932643,1.164122,17,NA,NA,NA,NA,NA,NA,NA,NA
"621","ISJB","SC1015",NA,NA,NA,NA,"Gates",NA,NA,0.1108719106,0.01963625705,1.219686,18,NA,NA,NA,NA,NA,NA,NA,NA
"622","ISJC","G03-1-118",NA,NA,NA,NA,"Gates",NA,NA,0.1159909682,0.02445510595,1.281998,5,NA,NA,NA,NA,NA,NA,NA,NA
"623","ISJJ","SC1082",NA,NA,NA,NA,"Gates",NA,NA,0.09826704926,0.0177295524,1.450172,1,NA,NA,NA,NA,NA,NA,NA,NA
"624","ISJK","Gnossiconi",NA,NA,NA,NA,"Gates",NA,NA,0.1034751774,0.02039596629,1.197076,17,NA,NA,NA,NA,NA,NA,NA,NA
"625","ISJS","SSV_20043",NA,NA,NA,NA,"Gates",NA,NA,0.1070352795,0.01974495529,1.198446,19,NA,NA,NA,NA,NA,NA,NA,NA
"626","ISKB","Sambalma",NA,NA,NA,NA,"Gates",NA,NA,0.1241826527,0.02176300807,1.29533,4,NA,NA,NA,NA,NA,NA,NA,NA
"627","ISQC","Acc220243",NA,NA,NA,NA,"Gates","keep",NA,0.1308479652,0.02453742607,1.320266,18,NA,NA,NA,NA,NA,NA,NA,NA
"628","ISQE","Acc220245",NA,NA,NA,NA,"Gates","keep",NA,0.1285048733,0.02168422589,1.177652,18,NA,NA,NA,NA,NA,NA,NA,NA
"629","ISQF","Acc220246",NA,NA,NA,NA,"Gates","keep",NA,0.1267495301,0.02469545723,1.224929,18,NA,NA,NA,NA,NA,NA,NA,NA
"630","ISQG","Acc220247",NA,NA,NA,NA,"Gates","keep",NA,0.1366328331,0.02553545359,1.28951,18,NA,NA,NA,NA,NA,NA,NA,NA
"631","ISQH","Melkam",NA,NA,NA,NA,"Gates",NA,NA,0.09057443119,0.01531537144,1.123618,14,NA,NA,NA,NA,NA,NA,NA,NA
"632","ISTM","Shanqui_Red_R1",NA,NA,NA,NA,"Stinga","keep",NA,0.1161074364,0.01875220181,1.218214,15,NA,NA,NA,NA,NA,NA,NA,NA
"633","IUEB","Acc15964",NA,NA,NA,NA,"Gates",NA,NA,0.1161542733,0.02050755243,1.226292,6,NA,NA,NA,NA,NA,NA,NA,NA
"634","IUEC","Acc15965",NA,NA,NA,NA,"Gates",NA,NA,0.1094021642,0.02228138389,1.223153,1,NA,NA,NA,NA,NA,NA,NA,NA
"635","IUED","Acc17531",NA,NA,NA,NA,"Gates",NA,NA,0.1064424283,0.0213213162,1.234501,1,NA,NA,NA,NA,NA,NA,NA,NA
"636","IUEE","Acc17536",NA,NA,NA,NA,"Gates",NA,NA,0.1106590509,0.02232749759,1.239804,1,NA,NA,NA,NA,NA,NA,NA,NA
"637","IUEF","Acc19615",NA,NA,NA,NA,"Gates",NA,NA,0.1315037648,0.02143817875,1.106971,18,NA,NA,NA,NA,NA,NA,NA,NA
"638","IUEG","Acc19622",NA,NA,NA,NA,"Gates",NA,NA,0.1245349415,0.02252395675,1.16528,18,NA,NA,NA,NA,NA,NA,NA,NA
"639","IUEH","Acc19627",NA,NA,NA,NA,"Gates",NA,NA,0.1283561544,0.02222419682,1.162355,18,NA,NA,NA,NA,NA,NA,NA,NA
"640","IUEI","Acc211022",NA,NA,NA,NA,"Gates",NA,NA,0.1055949553,0.02918269377,1.023498,6,NA,NA,NA,NA,NA,NA,NA,NA
"641","IUEJ","Acc211193",NA,NA,NA,NA,"Gates",NA,NA,0.1158794359,0.03223147803,1.03317,18,NA,NA,NA,NA,NA,NA,NA,NA
"642","IUEK","Acc216735",NA,NA,NA,NA,"Gates",NA,NA,0.101417294,0.01916918927,1.133134,14,NA,NA,NA,NA,NA,NA,NA,NA
"643","IUEL","Acc216736",NA,NA,NA,NA,"Gates",NA,NA,0.09051500465,0.01601638114,1.038898,14,NA,NA,NA,NA,NA,NA,NA,NA
"644","IUEM","Acc216737",NA,NA,NA,NA,"Gates",NA,NA,0.08946920281,0.01670171723,1.063859,14,NA,NA,NA,NA,NA,NA,NA,NA
"645","IUEN","Acc216739",NA,NA,NA,NA,"Gates",NA,NA,0.09478559093,0.01714897646,1.05179,14,NA,NA,NA,NA,NA,NA,NA,NA
"646","IUEP","Acc216744",NA,NA,NA,NA,"Gates",NA,NA,0.104363137,0.01911594616,1.098849,14,NA,NA,NA,NA,NA,NA,NA,NA
"647","IUEQ","Acc220000",NA,NA,NA,NA,"Gates",NA,NA,0.12513137,0.02209191173,1.211793,18,NA,NA,NA,NA,NA,NA,NA,NA
"648","IUER","Acc220001",NA,NA,NA,NA,"Gates",NA,NA,0.1277414515,0.021308545,1.178575,18,NA,NA,NA,NA,NA,NA,NA,NA
"649","IUES","Acc220009",NA,NA,NA,NA,"Gates",NA,NA,0.1370421636,0.02793183404,1.065515,18,NA,NA,NA,NA,NA,NA,NA,NA
"650","IUET","Acc220010",NA,NA,NA,NA,"Gates",NA,NA,0.1177725167,0.02777968468,1.086729,18,NA,NA,NA,NA,NA,NA,NA,NA
"651","IUEU","Acc220011",NA,NA,NA,NA,"Gates",NA,NA,0.1270213449,0.02317275179,1.205898,18,NA,NA,NA,NA,NA,NA,NA,NA
"652","IUEW","Acc220012",NA,NA,NA,NA,"Gates",NA,NA,0.1259217458,0.02180469042,1.164852,18,NA,NA,NA,NA,NA,NA,NA,NA
"653","IUEX","Acc220013",NA,NA,NA,NA,"Gates",NA,NA,0.1238077636,0.02444040513,1.134848,18,NA,NA,NA,NA,NA,NA,NA,NA
"654","IUEY","Acc220014",NA,NA,NA,NA,"Gates",NA,NA,0.1252444828,0.02362395654,1.181873,18,NA,NA,NA,NA,NA,NA,NA,NA
"655","IUEZ","Acc220015",NA,NA,NA,NA,"Gates",NA,NA,0.1071320313,0.02171134718,1.090527,5,NA,NA,NA,NA,NA,NA,NA,NA
"656","IUFA","Acc220016",NA,NA,NA,NA,"Gates",NA,NA,0.1277107816,0.02330633946,1.203972,18,NA,NA,NA,NA,NA,NA,NA,NA
"657","IUFB","Acc220017",NA,NA,NA,NA,"Gates",NA,NA,0.1244738511,0.02228670634,1.158593,18,NA,NA,NA,NA,NA,NA,NA,NA
"658","IUFC","Acc220018",NA,NA,NA,NA,"Gates",NA,NA,0.127858003,0.02309345743,1.184907,18,NA,NA,NA,NA,NA,NA,NA,NA
"659","IUFD","Acc220223",NA,NA,NA,NA,"Gates",NA,NA,0.133391854,0.02183450675,1.203605,18,NA,NA,NA,NA,NA,NA,NA,NA
"660","IUFE","Acc220224",NA,NA,NA,NA,"Gates",NA,NA,0.1211764681,0.03007695334,1.271386,18,NA,NA,NA,NA,NA,NA,NA,NA
"661","IUFF","Acc220227",NA,NA,NA,NA,"Gates",NA,NA,0.1245778961,0.02188649005,1.23511,18,NA,NA,NA,NA,NA,NA,NA,NA
"662","IUFG","Acc220236",NA,NA,NA,NA,"Gates",NA,NA,0.1353813261,0.02804572714,1.34649,18,NA,NA,NA,NA,NA,NA,NA,NA
"663","IUFH","Acc220238",NA,NA,NA,NA,"Gates",NA,NA,0.1214353882,0.02183355047,1.175134,18,NA,NA,NA,NA,NA,NA,NA,NA
"664","IUFI","Acc220239",NA,NA,NA,NA,"Gates",NA,NA,0.1251057469,0.02299998548,1.253705,18,NA,NA,NA,NA,NA,NA,NA,NA
"665","IUFJ","Acc220240",NA,NA,NA,NA,"Gates",NA,NA,0.1210883682,0.0214996707,1.200088,18,NA,NA,NA,NA,NA,NA,NA,NA
"666","IUFK","Acc220241",NA,NA,NA,NA,"Gates",NA,NA,0.1004110637,0.04999752007,0.907844,18,NA,NA,NA,NA,NA,NA,NA,NA
"667","IUFL","Acc220242",NA,NA,NA,NA,"Gates",NA,NA,0.1255896171,0.02241050688,1.231753,18,NA,NA,NA,NA,NA,NA,NA,NA
"668","IUFN","Acc220244",NA,NA,NA,NA,"Gates","keep",NA,0.1207850793,0.03275756328,1.165074,18,NA,NA,NA,NA,NA,NA,NA,NA
"669","IUFS","Acc220249",NA,NA,NA,NA,"Gates",NA,NA,0.130300093,0.02338264727,1.3312,18,NA,NA,NA,NA,NA,NA,NA,NA
"670","IUFT","Acc220250",NA,NA,NA,NA,"Gates",NA,NA,0.1292801915,0.02326742212,1.259789,18,NA,NA,NA,NA,NA,NA,NA,NA
"671","IUFU","Acc220251",NA,NA,NA,NA,"Gates",NA,NA,0.1338537339,0.02407343933,1.303055,18,NA,NA,NA,NA,NA,NA,NA,NA
"672","IUFW","Acc220252",NA,NA,NA,NA,"Gates",NA,NA,0.1267345279,0.022216778,1.253827,18,NA,NA,NA,NA,NA,NA,NA,NA
"673","IUFX","Acc23635",NA,NA,NA,NA,"Gates",NA,NA,0.1069340076,0.0206186633,0.995147,19,NA,NA,NA,NA,NA,NA,NA,NA
"674","IUFY","Acc23636",NA,NA,NA,NA,"Gates",NA,NA,0.1058849335,0.01943517989,1.132055,19,NA,NA,NA,NA,NA,NA,NA,NA
"675","IUFZ","Acc23637",NA,NA,NA,NA,"Gates",NA,NA,0.09633575583,0.01591087702,0.995671,19,NA,NA,NA,NA,NA,NA,NA,NA
"676","IUGA","Acc23638",NA,NA,NA,NA,"Gates",NA,NA,0.1055482293,0.02106546447,1.033482,19,NA,NA,NA,NA,NA,NA,NA,NA
"677","IUGB","Acc23639",NA,NA,NA,NA,"Gates",NA,NA,0.1089417818,0.01705886271,1.035402,19,NA,NA,NA,NA,NA,NA,NA,NA
"678","IUGC","Acc23640",NA,NA,NA,NA,"Gates",NA,NA,0.2020301251,0.01576832602,0.833263,19,NA,NA,NA,NA,NA,NA,NA,NA
"679","IUGD","Acc23642",NA,NA,NA,NA,"Gates",NA,NA,0.09742756263,0.01624237072,1.008809,19,NA,NA,NA,NA,NA,NA,NA,NA
"680","IUGE","Acc23643",NA,NA,NA,NA,"Gates",NA,NA,0.09617874551,0.01619872763,1.014437,19,NA,NA,NA,NA,NA,NA,NA,NA
"681","IUGF","Acc23644",NA,NA,NA,NA,"Gates",NA,NA,0.09706249008,0.02098889525,1.000421,19,NA,NA,NA,NA,NA,NA,NA,NA
"682","IUGG","Acc23645",NA,NA,NA,NA,"Gates",NA,NA,0.09629671123,0.01775542827,1.027219,19,NA,NA,NA,NA,NA,NA,NA,NA
"683","IUGH","Acc23650",NA,NA,NA,NA,"Gates",NA,NA,0.1062893002,0.01878412054,1.090783,5,NA,NA,NA,NA,NA,NA,NA,NA
"684","IUGI","Acc23651",NA,NA,NA,NA,"Gates",NA,NA,0.08999924434,0.02841521652,0.893727,19,NA,NA,NA,NA,NA,NA,NA,NA
"685","IUGJ","Acc23652",NA,NA,NA,NA,"Gates",NA,NA,0.1027892625,0.02319626311,0.997944,19,NA,NA,NA,NA,NA,NA,NA,NA
"686","IUGK","Acc23653",NA,NA,NA,NA,"Gates",NA,NA,0.1005781124,0.02430198606,1.056194,19,NA,NA,NA,NA,NA,NA,NA,NA
"687","IUGL","Acc23654",NA,NA,NA,NA,"Gates",NA,NA,0.1026847738,0.01880350856,1.138544,19,NA,NA,NA,NA,NA,NA,NA,NA
"688","IUGM","Acc27911",NA,NA,NA,NA,"Gates",NA,NA,0.08144892069,0.01958210635,1.023206,14,NA,NA,NA,NA,NA,NA,NA,NA
"689","IUGN","Acc27919",NA,NA,NA,NA,"Gates",NA,NA,0.1007235591,0.01726178031,1.060047,14,NA,NA,NA,NA,NA,NA,NA,NA
"690","IUGP","Acc28545",NA,NA,NA,NA,"Gates",NA,NA,0.07928213952,0.01424940183,1.060388,9,NA,NA,NA,NA,NA,NA,NA,NA
"691","IUGQ","Acc28546",NA,NA,NA,NA,"Gates",NA,NA,0.1163768664,0.02194016367,1.245969,6,NA,NA,NA,NA,NA,NA,NA,NA
"692","IUGR","Acc28547",NA,NA,NA,NA,"Gates",NA,NA,0.09006163806,0.01558120002,1.017116,5,NA,NA,NA,NA,NA,NA,NA,NA
"693","IUGS","Acc28548",NA,NA,NA,NA,"Gates",NA,NA,0.09896380679,0.01505036892,1.047325,5,NA,NA,NA,NA,NA,NA,NA,NA
"694","IUGT","Acc28549",NA,NA,NA,NA,"Gates",NA,NA,0.05858054301,0.03865154952,0.71496,14,NA,NA,NA,NA,NA,NA,NA,NA
"695","IUGU","Acc28550",NA,NA,NA,NA,"Gates",NA,NA,0.06344029234,0.01873547089,1.025796,14,NA,NA,NA,NA,NA,NA,NA,NA
"696","IUGW","Acc28551",NA,NA,NA,NA,"Gates",NA,NA,0.07014900312,0.0121754787,1.082608,14,NA,NA,NA,NA,NA,NA,NA,NA
"697","IUGX","Acc28553",NA,NA,NA,NA,"Gates",NA,NA,0.1167889699,0.02132182472,1.239798,6,NA,NA,NA,NA,NA,NA,NA,NA
"698","IUGY","Acc28556",NA,NA,NA,NA,"Gates",NA,NA,0.1165566434,0.02195068651,1.292264,6,NA,NA,NA,NA,NA,NA,NA,NA
"699","IUGZ","Acc28557",NA,NA,NA,NA,"Gates",NA,NA,0.08396757468,0.05622298052,0.684002,6,NA,NA,NA,NA,NA,NA,NA,NA
"700","IUHA","Acc69046",NA,NA,NA,NA,"Gates",NA,NA,0.1181870882,0.02165692611,1.238687,6,NA,NA,NA,NA,NA,NA,NA,NA
"701","IUHB","Acc69212",NA,NA,NA,NA,"Gates",NA,NA,0.1268874064,0.02098870795,1.128933,18,NA,NA,NA,NA,NA,NA,NA,NA
"702","IUHC","Acc69217",NA,NA,NA,NA,"Gates",NA,NA,0.1168947896,0.01766234344,0.985362,5,NA,NA,NA,NA,NA,NA,NA,NA
"703","IUHD","Acc69498",NA,NA,NA,NA,"Gates",NA,NA,0.1101216331,0.02249497222,1.186321,1,NA,NA,NA,NA,NA,NA,NA,NA
"704","IUHE","Acc69499",NA,NA,NA,NA,"Gates",NA,NA,0.1015559467,0.02094611752,1.199573,1,NA,NA,NA,NA,NA,NA,NA,NA
"705","IUHF","Acc69504",NA,NA,NA,NA,"Gates",NA,NA,0.1123137877,0.0247039929,1.297053,1,NA,NA,NA,NA,NA,NA,NA,NA
"706","IUHG","Acc69506",NA,NA,NA,NA,"Gates",NA,NA,0.1044228408,0.02125682432,1.177947,1,NA,NA,NA,NA,NA,NA,NA,NA
"707","IUHH","Acc69507",NA,NA,NA,NA,"Gates",NA,NA,0.1240377052,0.02476260164,1.522414,11,NA,NA,NA,NA,NA,NA,NA,NA
"708","IUHI","Acc69508",NA,NA,NA,NA,"Gates",NA,NA,0.104761292,0.03266694119,1.10955,1,NA,NA,NA,NA,NA,NA,NA,NA
"709","IUHJ","Acc69512",NA,NA,NA,NA,"Gates",NA,NA,0.1470119304,0.01871167898,1.107958,18,NA,NA,NA,NA,NA,NA,NA,NA
"710","IUHK","Acc69513",NA,NA,NA,NA,"Gates",NA,NA,0.1335188044,0.02338773736,1.179158,18,NA,NA,NA,NA,NA,NA,NA,NA
"711","IUHL","Acc69558",NA,NA,NA,NA,"Gates",NA,NA,0.1230450351,0.02882268043,1.092238,18,NA,NA,NA,NA,NA,NA,NA,NA
"712","IUHM","Acc69560",NA,NA,NA,NA,"Gates",NA,NA,0.1183432112,0.02105658503,1.136959,18,NA,NA,NA,NA,NA,NA,NA,NA
"713","IUHN","Acc69568",NA,NA,NA,NA,"Gates",NA,NA,0.1286700641,0.02504895403,1.245391,18,NA,NA,NA,NA,NA,NA,NA,NA
"714","IUHP","Acc69570",NA,NA,NA,NA,"Gates",NA,NA,0.1199769282,0.02691298051,1.08206,18,NA,NA,NA,NA,NA,NA,NA,NA
"715","IUHQ","Acc69571",NA,NA,NA,NA,"Gates",NA,NA,0.124933568,0.022545784,1.186125,18,NA,NA,NA,NA,NA,NA,NA,NA
"716","IUHR","Acc69572",NA,NA,NA,NA,"Gates",NA,NA,0.1237406002,0.02606338951,1.227768,18,NA,NA,NA,NA,NA,NA,NA,NA
"717","IUHS","Acc69573",NA,NA,NA,NA,"Gates",NA,NA,0.1176227995,0.02216200025,1.156367,18,NA,NA,NA,NA,NA,NA,NA,NA
"718","IUHT","Acc9577",NA,NA,NA,NA,"Gates",NA,NA,0.1257266892,0.02156162055,1.219427,18,NA,NA,NA,NA,NA,NA,NA,NA
"719","IUHU","Argiti",NA,NA,NA,NA,"Gates",NA,NA,0.08044513062,0.01402713667,1.080262,14,NA,NA,NA,NA,NA,NA,NA,NA
"720","IUHW","Melkam",NA,NA,NA,NA,"Gates",NA,NA,0.09064095676,0.01549839214,1.122715,14,NA,NA,NA,NA,NA,NA,NA,NA
"721","IXQW","SSM0501",NA,NA,NA,NA,"Gates",NA,NA,0.1659355002,0.0216570735,1.350788,20,NA,NA,"France",NA,NA,NA,NA,NA
"722","IXQX","SSM0547",NA,NA,NA,NA,"Gates",NA,NA,0.1589796271,0.02267261257,1.299044,19,NA,NA,"France",NA,NA,NA,NA,NA
"723","IXQY","SSM1102",NA,NA,NA,NA,"Gates",NA,NA,0.1682173353,0.01845472865,1.111781,5,NA,NA,"France",NA,NA,NA,NA,NA
"724","IXQZ","SSM1123",NA,NA,NA,NA,"Gates",NA,NA,0.1471131746,0.01936443509,1.07617,5,NA,NA,"France",NA,NA,NA,NA,NA
"725","IXRA","SSM1046",NA,NA,NA,NA,"Gates",NA,NA,0.1578075403,0.0458862881,0.918982,1,NA,NA,"France",NA,NA,NA,NA,NA
"726","IZKY","SSM205",NA,NA,NA,NA,"Gates",NA,NA,0.1057864346,0.0208049388,1.202388,17,NA,NA,"France",NA,NA,NA,NA,NA
"727","IZLD","V31_Doua-G",NA,NA,NA,NA,"Gates",NA,NA,0.1040998632,0.0207105839,1.181406,17,NA,NA,NA,NA,NA,NA,NA,NA
"728","IZLM","Acc220253",NA,NA,NA,NA,"Gates",NA,NA,0.1348042259,0.02524981806,1.301333,18,NA,NA,NA,NA,NA,NA,NA,NA
"729","IZLN","Acc220254",NA,NA,NA,NA,"Gates",NA,NA,0.101871853,0.05309770307,0.701684,18,NA,NA,NA,NA,NA,NA,NA,NA
"730","IZLP","Acc220255",NA,NA,NA,NA,"Gates",NA,NA,0.1370934096,0.02648360387,1.292708,18,NA,NA,NA,NA,NA,NA,NA,NA
"731","IZLQ","Acc220256",NA,NA,NA,NA,"Gates",NA,NA,0.1321375185,0.02598133816,1.329943,18,NA,NA,NA,NA,NA,NA,NA,NA
"732","IZLR","Acc220257",NA,NA,NA,NA,"Gates",NA,NA,0.1281001183,0.02618184386,1.311957,18,NA,NA,NA,NA,NA,NA,NA,NA
"733","IZLS","Acc220259",NA,NA,NA,NA,"Gates",NA,NA,0.1293927774,0.0249340585,1.275312,18,NA,NA,NA,NA,NA,NA,NA,NA
"734","IZLT","Acc220260",NA,NA,NA,NA,"Gates",NA,NA,0.2637438863,0.01703215371,0.987135,18,NA,NA,NA,NA,NA,NA,NA,NA
"735","IZLU","Acc220261",NA,NA,NA,NA,"Gates",NA,NA,0.1281368058,0.02435664118,1.265487,18,NA,NA,NA,NA,NA,NA,NA,NA
"736","IZLW","Acc220262",NA,NA,NA,NA,"Gates",NA,NA,0.1253801684,0.02396012042,1.271973,18,NA,NA,NA,NA,NA,NA,NA,NA
"737","IZLX","Acc220263",NA,NA,NA,NA,"Gates",NA,NA,0.1269471102,0.02263322907,1.167019,18,NA,NA,NA,NA,NA,NA,NA,NA
"738","IZLY","Acc220264",NA,NA,NA,NA,"Gates",NA,NA,0.1450859612,0.02596845024,1.25597,18,NA,NA,NA,NA,NA,NA,NA,NA
"739","IZLZ","Acc220265",NA,NA,NA,NA,"Gates",NA,NA,0.1299510209,0.02361332877,1.235929,18,NA,NA,NA,NA,NA,NA,NA,NA
"740","IZMA","Acc220266",NA,NA,NA,NA,"Gates",NA,NA,0.1297867729,0.03126008372,1.2904,18,NA,NA,NA,NA,NA,NA,NA,NA
"741","IZMB","Acc220267",NA,NA,NA,NA,"Gates",NA,NA,0.1349630664,0.02779231565,1.285611,18,NA,NA,NA,NA,NA,NA,NA,NA
"742","IZMC","Acc220268",NA,NA,NA,NA,"Gates",NA,NA,0.121417197,0.03458314685,1.127717,18,NA,NA,NA,NA,NA,NA,NA,NA
"743","IZMD","Acc220269",NA,NA,NA,NA,"Gates",NA,NA,0.1916580991,0.02959003605,1.102657,18,NA,NA,NA,NA,NA,NA,NA,NA
"744","IZME","Acc220270",NA,NA,NA,NA,"Gates",NA,NA,0.1281223582,0.02463148272,1.276672,18,NA,NA,NA,NA,NA,NA,NA,NA
"745","IZMF","Acc220272",NA,NA,NA,NA,"Gates",NA,NA,0.1329178836,0.0259528472,1.305083,18,NA,NA,NA,NA,NA,NA,NA,NA
"746","IZMG","Acc220273",NA,NA,NA,NA,"Gates",NA,NA,0.1373972532,0.02157397604,1.227297,18,NA,NA,NA,NA,NA,NA,NA,NA
"747","IZMH","Acc220274",NA,NA,NA,NA,"Gates",NA,NA,0.130392602,0.02503616563,1.269654,18,NA,NA,NA,NA,NA,NA,NA,NA
"748","IZMI","Acc220275",NA,NA,NA,NA,"Gates",NA,NA,0.1289818663,0.02367950939,1.192221,18,NA,NA,NA,NA,NA,NA,NA,NA
"749","IZMJ","Acc220276",NA,NA,NA,NA,"Gates",NA,NA,0.1285068699,0.02198770702,1.195292,18,NA,NA,NA,NA,NA,NA,NA,NA
"750","IZMK","Acc220277",NA,NA,NA,NA,"Gates",NA,NA,0.1239763098,0.02569563865,1.161765,18,NA,NA,NA,NA,NA,NA,NA,NA
"751","IZML","Acc220278",NA,NA,NA,NA,"Gates",NA,NA,0.1309913321,0.02452922055,1.319459,18,NA,NA,NA,NA,NA,NA,NA,NA
"752","IZMM","Acc220279",NA,NA,NA,NA,"Gates",NA,NA,0.1356471233,0.02578869037,1.295543,18,NA,NA,NA,NA,NA,NA,NA,NA
"753","IZMN","Acc220281",NA,NA,NA,NA,"Gates",NA,NA,0.1273665069,0.02444563294,1.186181,18,NA,NA,NA,NA,NA,NA,NA,NA
"754","IZMP","Acc222285",NA,NA,NA,NA,"Gates",NA,NA,0.08635606151,0.01789192414,0.990165,14,NA,NA,NA,NA,NA,NA,NA,NA
"755","IZMQ","Acc222881",NA,NA,NA,NA,"Gates",NA,NA,0.0855578102,0.02213143093,0.95523,14,NA,NA,NA,NA,NA,NA,NA,NA
"756","IZMR","Acc222882",NA,NA,NA,NA,"Gates",NA,NA,0.08394794146,0.01522135447,1.001846,14,NA,NA,NA,NA,NA,NA,NA,NA
"757","IZMS","Acc222888",NA,NA,NA,NA,"Gates",NA,NA,0.0972329497,0.01851041143,1.050006,14,NA,NA,NA,NA,NA,NA,NA,NA
"758","IZMT","Acc223589",NA,NA,NA,NA,"Gates",NA,NA,0.1094192185,0.02352799922,1.300269,1,NA,NA,NA,NA,NA,NA,NA,NA
"759","IZMU","Acc225837",NA,NA,NA,NA,"Gates",NA,NA,0.1315205417,0.02334771886,1.172558,18,NA,NA,NA,NA,NA,NA,NA,NA
"760","IZMX","Acc226067",NA,NA,NA,NA,"Gates",NA,NA,0.1267403513,0.02221368713,1.158925,5,NA,NA,NA,NA,NA,NA,NA,NA
"761","IZMY","Acc226068-1",NA,NA,NA,NA,"Gates",NA,NA,0.1233393948,0.03095303174,1.164028,18,NA,NA,NA,NA,NA,NA,NA,NA
"762","IZMZ","Acc226069",NA,NA,NA,NA,"Gates",NA,NA,0.2474381904,0.02981902823,1.241694,11,NA,NA,NA,NA,NA,NA,NA,NA
"763","IZNB","Merewey",NA,NA,NA,NA,"Gates",NA,NA,0.1222174449,0.02761379114,1.10404,18,NA,NA,NA,NA,NA,NA,NA,NA
"764","IZND","Acc227085",NA,NA,NA,NA,"Gates",NA,NA,0.1220812879,0.02631865555,1.175211,18,NA,NA,NA,NA,NA,NA,NA,NA
"765","IZNE","Acc227086",NA,NA,NA,NA,"Gates",NA,NA,0.1040828089,0.05937604667,0.926281,18,NA,NA,NA,NA,NA,NA,NA,NA
"766","IZNF","Acc227090",NA,NA,NA,NA,"Gates",NA,NA,0.1259326162,0.03128969302,1.120043,18,NA,NA,NA,NA,NA,NA,NA,NA
"767","IZNG","Acc227091",NA,NA,NA,NA,"Gates",NA,NA,0.1220190329,0.02616057272,1.163467,18,NA,NA,NA,NA,NA,NA,NA,NA
"768","IZNH","Acc227092",NA,NA,NA,NA,"Gates",NA,NA,0.1227770749,0.02716282677,1.107306,18,NA,NA,NA,NA,NA,NA,NA,NA
"769","IZNI","Acc229831",NA,NA,NA,NA,"Gates",NA,NA,0.1041029136,0.02106555943,1.046449,5,NA,NA,NA,NA,NA,NA,NA,NA
"770","IZNJ","Acc229843",NA,NA,NA,NA,"Gates",NA,NA,0.1199524144,0.0279285947,1.153779,18,NA,NA,NA,NA,NA,NA,NA,NA
"771","IZNK","Acc229844",NA,NA,NA,NA,"Gates",NA,NA,0.1134977708,0.02390544801,1.07978,18,NA,NA,NA,NA,NA,NA,NA,NA
"772","IZNL","Acc230065",NA,NA,NA,NA,"Gates",NA,NA,0.1147930643,0.02259209908,1.248226,6,NA,NA,NA,NA,NA,NA,NA,NA
"773","IZNM","Acc231229",NA,NA,NA,NA,"Gates",NA,NA,0.1388927334,0.02162261801,1.124241,18,NA,NA,NA,NA,NA,NA,NA,NA
"774","IZNN","Acc231230",NA,NA,NA,NA,"Gates",NA,NA,0.1439611828,0.02428469628,1.084957,18,NA,NA,NA,NA,NA,NA,NA,NA
"775","IZNP","Acc234066",NA,NA,NA,NA,"Gates",NA,NA,0.1228769326,0.02574193287,1.087259,18,NA,NA,NA,NA,NA,NA,NA,NA
"776","IZNQ","Acc234070",NA,NA,NA,NA,"Gates",NA,NA,0.1073100891,0.05430155791,0.964062,18,NA,NA,NA,NA,NA,NA,NA,NA
"777","IZNR","Acc234074",NA,NA,NA,NA,"Gates",NA,NA,0.1182927139,0.02537262074,1.13435,18,NA,NA,NA,NA,NA,NA,NA,NA
"778","IZNS","Acc234079",NA,NA,NA,NA,"Gates",NA,NA,0.1556450851,0.04411269802,1.292672,11,NA,NA,NA,NA,NA,NA,NA,NA
"779","IZNT","Acc234087",NA,NA,NA,NA,"Gates",NA,NA,0.1254313035,0.03188685459,1.283957,18,NA,NA,NA,NA,NA,NA,NA,NA
"780","IZNU","Acc234089",NA,NA,NA,NA,"Gates",NA,NA,0.1320621746,0.02406953222,1.139826,18,NA,NA,NA,NA,NA,NA,NA,NA
"781","IZNW","Acc234092",NA,NA,NA,NA,"Gates",NA,NA,0.1161731301,0.01894181746,1.092814,5,NA,NA,NA,NA,NA,NA,NA,NA
"782","IZNY","Acc234101",NA,NA,NA,NA,"Gates",NA,NA,0.1281675867,0.02543350656,1.24472,18,NA,NA,NA,NA,NA,NA,NA,NA
"783","IZNZ","Acc234102",NA,NA,NA,NA,"Gates",NA,NA,0.1263141884,0.0255968114,1.180368,18,NA,NA,NA,NA,NA,NA,NA,NA
"784","IZPA","Acc234103",NA,NA,NA,NA,"Gates",NA,NA,0.1202609166,0.0387037083,0.995593,18,NA,NA,NA,NA,NA,NA,NA,NA
"785","IZPB","Acc234104",NA,NA,NA,NA,"Gates",NA,NA,0.127392324,0.02516255797,1.180314,18,NA,NA,NA,NA,NA,NA,NA,NA
"786","IZPC","Acc234105",NA,NA,NA,NA,"Gates",NA,NA,0.1698465323,0.03819977356,1.211896,11,NA,NA,NA,NA,NA,NA,NA,NA
"787","IZPD","Acc234106",NA,NA,NA,NA,"Gates",NA,NA,0.1049496101,0.05210039576,0.784318,18,NA,NA,NA,NA,NA,NA,NA,NA
"788","IZPE","Acc234110",NA,NA,NA,NA,"Gates",NA,NA,0.1286910284,0.02420861044,1.29373,18,NA,NA,NA,NA,NA,NA,NA,NA
"789","IZPF","Acc234111",NA,NA,NA,NA,"Gates",NA,NA,0.1272679803,0.03152262339,1.31556,18,NA,NA,NA,NA,NA,NA,NA,NA
"790","IZPG","Acc234112",NA,NA,NA,NA,"Gates",NA,NA,0.1272892774,0.02477494832,1.184282,18,NA,NA,NA,NA,NA,NA,NA,NA
"791","IZPH","Acc234113",NA,NA,NA,NA,"Gates",NA,NA,0.1195479922,0.0246462817,1.110191,18,NA,NA,NA,NA,NA,NA,NA,NA
"792","IZPI","Acc234115",NA,NA,NA,NA,"Gates",NA,NA,0.1069149567,0.01837636229,1.050422,5,NA,NA,NA,NA,NA,NA,NA,NA
"793","IZPJ","Malt-sorghum",NA,NA,NA,NA,"Gates",NA,NA,0.07595566719,0.01288708993,1.008802,14,NA,NA,NA,NA,NA,NA,NA,NA
"794","IZPK","Wedi-Aker",NA,NA,NA,NA,"Gates",NA,NA,0.09952393596,0.02113095568,1.11874,5,NA,NA,NA,NA,NA,NA,NA,NA
"795","IZPL","Acc235790",NA,NA,NA,NA,"Gates",NA,NA,0.132889543,0.02024679147,0.998098,5,NA,NA,NA,NA,NA,NA,NA,NA
"796","IZPM","Acc235791",NA,NA,NA,NA,"Gates",NA,NA,0.1145611538,0.02249492,1.194025,6,NA,NA,NA,NA,NA,NA,NA,NA
"797","IZPN","Acc235792",NA,NA,NA,NA,"Gates",NA,NA,0.1041484471,0.01895990521,1.030842,5,NA,NA,NA,NA,NA,NA,NA,NA
"798","IZPP","Wanze",NA,NA,NA,NA,"Gates",NA,NA,0.1278794942,0.02551575731,1.095296,18,NA,NA,NA,NA,NA,NA,NA,NA
"799","IZPQ","Acc235794",NA,NA,NA,NA,"Gates",NA,NA,0.1154300348,0.02187686577,1.177813,6,NA,NA,NA,NA,NA,NA,NA,NA
"800","IZPR","Kem-Kem",NA,NA,NA,NA,"Gates",NA,NA,0.1275860219,0.03223299358,1.099885,18,NA,NA,NA,NA,NA,NA,NA,NA
"801","IZPS","Acc235798",NA,NA,NA,NA,"Gates",NA,NA,0.1102458382,0.01765813907,1.02627,6,NA,NA,NA,NA,NA,NA,NA,NA
"802","IZPT","Acc235801",NA,NA,NA,NA,"Gates",NA,NA,0.1132047145,0.024492876,1.173605,6,NA,NA,NA,NA,NA,NA,NA,NA
"803","IZPU","Acc235803",NA,NA,NA,NA,"Gates",NA,NA,0.1403477271,0.02160447352,1.184629,6,NA,NA,NA,NA,NA,NA,NA,NA
"804","IZPW","Acc235804",NA,NA,NA,NA,"Gates",NA,NA,0.205208655,0.02237552339,1.102944,6,NA,NA,NA,NA,NA,NA,NA,NA
"805","JBNU","Acc235805",NA,NA,NA,NA,"Gates",NA,NA,0.145511209,0.02257529192,1.112332,6,NA,NA,NA,NA,NA,NA,NA,NA
"806","JBNW","Acc235806",NA,NA,NA,NA,"Gates",NA,NA,0.1171121139,0.0158897638,0.992724,5,NA,NA,NA,NA,NA,NA,NA,NA
"807","JBNX","Acc235807",NA,NA,NA,NA,"Gates",NA,NA,0.1488601154,0.01673851095,1.095347,6,NA,NA,NA,NA,NA,NA,NA,NA
"808","JBNY","Acc235808",NA,NA,NA,NA,"Gates",NA,NA,0.1115035013,0.02147616252,1.166379,6,NA,NA,NA,NA,NA,NA,NA,NA
"809","JBNZ","Acc235809",NA,NA,NA,NA,"Gates",NA,NA,0.1170076529,0.02122701698,1.178636,6,NA,NA,NA,NA,NA,NA,NA,NA
"810","JBPA","Acc235810",NA,NA,NA,NA,"Gates",NA,NA,0.1272962655,0.01713359978,1.070246,6,NA,NA,NA,NA,NA,NA,NA,NA
"811","JBPB","Acc235811",NA,NA,NA,NA,"Gates",NA,NA,0.1207470053,0.02285001294,1.159407,6,NA,NA,NA,NA,NA,NA,NA,NA
"812","JBPC","Acc235812",NA,NA,NA,NA,"Gates",NA,NA,0.095725268,0.01684032599,1.01592,5,NA,NA,NA,NA,NA,NA,NA,NA
"813","JBPD","Acc235813",NA,NA,NA,NA,"Gates",NA,NA,0.1169713814,0.02102070076,1.090701,6,NA,NA,NA,NA,NA,NA,NA,NA
"814","JBPE","Acc235814",NA,NA,NA,NA,"Gates",NA,NA,0.1268330545,0.02388708657,1.280135,6,NA,NA,NA,NA,NA,NA,NA,NA
"815","JBPF","Acc235817",NA,NA,NA,NA,"Gates",NA,NA,0.09488866535,0.01721159206,1.020214,5,NA,NA,NA,NA,NA,NA,NA,NA
"816","JBPG","Acc238431",NA,NA,NA,NA,"Gates",NA,NA,0.1279514549,0.02275752399,1.209774,18,NA,NA,NA,NA,NA,NA,NA,NA
"817","JBPH","CK60B",NA,NA,NA,NA,"Gates",NA,NA,0.06261880283,0.01026517957,1.133146,16,NA,NA,NA,NA,NA,NA,NA,NA
"818","JBPI","China17",NA,NA,NA,NA,"Gates",NA,NA,0.113660355,0.02091555056,1.231351,15,NA,NA,NA,NA,NA,NA,NA,NA
"819","JBPJ","ICSV700",NA,NA,NA,NA,"Gates",NA,NA,0.08202263783,0.01425233842,1.009929,14,NA,NA,NA,NA,NA,NA,NA,NA
"820","JBPQ","NTJ2",NA,NA,NA,NA,"Gates",NA,NA,0.09092580486,0.01571207983,1.031907,14,NA,NA,NA,NA,NA,NA,NA,NA
"821","JBQM","Mal033_471",NA,NA,NA,NA,"Gates",NA,NA,0.08587610134,0.0149485876,1.047074,9,NA,NA,NA,NA,NA,NA,NA,NA
"822","JBQU","Mal189_472",NA,NA,NA,NA,"Gates",NA,NA,0.08345145388,0.02993889469,0.907645,9,NA,NA,NA,NA,NA,NA,NA,NA
"823","JBRM","Ni095_212",NA,NA,NA,NA,"Gates",NA,NA,0.1124362458,0.01973841435,1.110565,13,NA,NA,NA,NA,NA,NA,NA,NA
"824","JBRZ","Sen010_050",NA,NA,NA,NA,"Gates",NA,NA,0.1063918755,0.01991649695,1.150699,17,NA,NA,NA,NA,NA,NA,NA,NA
"825","JBSP","Sen059_28",NA,NA,NA,NA,"Gates",NA,NA,0.109440266,0.02125673413,1.216395,17,NA,NA,NA,NA,NA,NA,NA,NA
"826","IQRD","IS_14298",NA,"IS14298",NA,NA,"Gates",NA,NA,0.1023119089,0.01888469546,1.432894,3,"Landrace",NA,"South Africa",NA,NA,NA,NA,NA
"827","JHIK","IS14379",NA,"IS14379",NA,NA,"Gates",NA,NA,0.1282328644,0.02531437559,1.312604,2,"Landrace",NA,"Zimbabwe",NA,NA,NA,NA,NA
"828","IQRE","IS_14535",NA,"IS14535",NA,NA,"Gates",NA,NA,0.108006708,0.01919807153,1.10803,6,"Landrace",NA,"Kenya",NA,NA,NA,NA,NA
"829","ISJT","IS_152555",NA,"IS152555",NA,NA,"Gates",NA,NA,0.1029058416,0.01816957216,1.198198,18,NA,NA,NA,NA,NA,NA,NA,NA
"830","IQRF","IS_17593",NA,"IS17593",NA,"Gwawaschi","Gates",NA,NA,0.1190661186,0.02125250526,1.223291,2,"Landrace",NA,"Yemen",NA,NA,NA,NA,NA
"831","JHIE","IS18128",NA,"IS18128",NA,NA,"Gates",NA,NA,0.1167282123,0.02101146018,1.246253,15,"Breeding",NA,"Lebanon",NA,NA,NA,NA,NA
"832","JHIF","IS18135",NA,"IS18135",NA,NA,"Gates",NA,NA,0.07813062887,0.01466347245,1.215225,16,"Breeding",NA,"Lebanon",NA,NA,NA,NA,NA
"833","JHGC","IS18551",NA,"IS18551",NA,NA,"Gates","keep",NA,0.1164451112,0.02215195078,1.179488,2,"Breeding",NA,"Ethiopia",NA,NA,NA,NA,NA
"834","JHHY","IS18734",NA,"IS18734",NA,NA,"Gates",NA,NA,0.07889369012,0.01307185981,1.210052,14,"Breeding",NA,"United States",NA,NA,NA,NA,NA
"835","JHGK","IS18821",NA,"IS18821",NA,NA,"Gates",NA,NA,0.1363258838,0.06369045305,1.406213,16,"Wild",NA,"Egypt",NA,NA,NA,NA,NA
"836","JHGJ","IS18829",NA,"IS18829",NA,NA,"Gates",NA,NA,0.1541214584,0.03450289198,1.562319,12,"Wild",NA,"Tanzania",NA,NA,NA,NA,NA
"837","JHGI","IS18874",NA,"IS18874",NA,NA,"Gates",NA,NA,0.125530246,0.04233523256,1.536166,3,"Wild",NA,"United States",NA,NA,NA,NA,NA
"838","JHGH","IS18876",NA,"IS18876",NA,NA,"Gates",NA,NA,0.1265712782,0.03139673919,1.381048,12,"Wild",NA,"Benin",NA,NA,NA,NA,NA
"839","JHGG","IS18879",NA,"IS18879",NA,NA,"Gates",NA,NA,0.1298907625,0.02294866619,1.320878,5,"Wild",NA,"United States",NA,NA,NA,NA,NA
"840","IQRH","IS_18919",NA,"IS18919",NA,NA,"Gates",NA,NA,0.1315787481,0.02316717482,1.207439,19,"Wild",NA,"Sudan",NA,NA,NA,NA,NA
"841","IQRI","IS_20624",NA,"IS20624",NA,"HDW 703","Gates",NA,NA,0.2726766141,0.08565475883,1.218867,12,"Landrace",NA,"United States",NA,NA,NA,NA,NA
"842","IQRJ","IS_20665",NA,"IS20665",NA,"HDW 105","Gates",NA,NA,0.0582302231,0.008788754879,1.068214,8,"Landrace",NA,"United States",NA,NA,NA,NA,NA
"843","IQRK","IS_20681",NA,"IS20681",NA,"HDW 29","Gates",NA,NA,0.08458868331,0.01408793356,1.161685,16,"Landrace",NA,"United States",NA,NA,NA,NA,NA
"844","IQRL","IS_20697",NA,"IS20697",NA,"HDW 418","Gates",NA,NA,0.1006241451,0.02192337761,1.064796,5,"Landrace",NA,"United States",NA,NA,NA,NA,NA
"845","IQRM","IS_20700",NA,"IS20700",NA,"HDW 509","Gates",NA,NA,0.1062108228,0.01763035854,1.062103,5,"Landrace",NA,"United States",NA,NA,NA,NA,NA
"846","IQRN","IS_20710",NA,"IS20710",NA,"HDW 418","Gates",NA,NA,0.1097242267,0.01912786497,1.313086,15,"Landrace",NA,"United States",NA,NA,NA,NA,NA
"847","IQRP","IS_20713",NA,"IS20713",NA,"HDW 330","Gates",NA,NA,0.09345923923,0.01573622832,1.04352,5,"Landrace",NA,"United States",NA,NA,NA,NA,NA
"848","IQRQ","IS_20724",NA,"IS20724",NA,"HDW 100","Gates",NA,NA,0.08682373706,0.02140299407,1.162512,9,"Landrace",NA,"United States",NA,NA,NA,NA,NA
"849","IQRR","IS_20743",NA,"IS20743",NA,"HDW 443","Gates",NA,NA,0.1256982931,0.02315522494,1.4386,3,"Landrace",NA,"United States",NA,NA,NA,NA,NA
"850","IQRS","IS_20749",NA,"IS20749",NA,"HDW 395","Gates",NA,NA,0.09832703041,0.02159547062,1.141219,5,"Landrace",NA,"United States",NA,NA,NA,NA,NA
"851","IQRT","IS_20762",NA,"IS20762",NA,"HDW 540","Gates",NA,NA,0.1026059636,0.0170367815,1.182946,6,"Landrace",NA,"United States",NA,NA,NA,NA,NA
"852","IQRU","IS_20782",NA,"IS20782",NA,"HDW 538","Gates",NA,NA,0.1188113304,0.02826597152,1.399409,3,"Landrace",NA,"United States",NA,NA,NA,NA,NA
"853","IQRW","IS_20792",NA,"IS20792",NA,"W. idger.m.back","Gates",NA,NA,0.1079516352,0.0199053756,1.219754,17,"Landrace",NA,"United States",NA,NA,NA,NA,NA
"854","IQRX","IS_20842",NA,"IS20842",NA,NA,"Gates",NA,NA,0.1031463209,0.0207409733,1.128251,5,"Landrace",NA,"United States",NA,NA,NA,NA,NA
"855","IQRY","IS_21854",NA,"IS21854",NA,NA,"Gates",NA,NA,0.1415280775,0.02678541174,1.829181,10,"Wild",NA,"Burkina Faso",NA,NA,NA,NA,NA
"856","IQRZ","IS_21888",NA,"IS21888",NA,"BMR 3","Gates",NA,NA,0.08825380099,0.01557235586,1.254315,14,"Landrace",NA,"United States",NA,NA,NA,NA,NA
"857","IQSC","IS_22632","PI510719","IS22632",NA,"AP 79-170;FAO 54709","Gates",NA,NA,0.1069256884,0.01588750076,1.028034,19,"Landrace",NA,"Cameroon",NA,NA,NA,NA,NA
"858","IQSF","IS_23903",NA,"IS23903",NA,"ALK 135","Gates",NA,NA,0.1101273456,0.03246660711,1.130881,2,"Landrace",NA,"Yemen",NA,NA,NA,NA,NA
"859","IQSG","IS_23948",NA,"IS23948",NA,"AR 46","Gates",NA,NA,0.1207172227,0.02377855981,1.249131,2,"Landrace",NA,"Yemen",NA,NA,NA,NA,NA
"860","IQSH","IS_23988",NA,"IS23988",NA,"AR 220","Gates",NA,NA,0.1207721569,0.02172618341,1.240348,2,"Landrace",NA,"Yemen",NA,NA,NA,NA,NA
"861","IQSI","IS_23992",NA,"IS23992",NA,"AR 233","Gates",NA,NA,0.1296964823,0.02064223326,1.289265,2,"Landrace",NA,"Yemen",NA,NA,NA,NA,NA
"862","IQSJ","IS_24006",NA,"IS24006",NA,"BTX 2755-B","Gates",NA,NA,0.08218067417,0.01337165171,1.176637,14,"Landrace",NA,"United States",NA,NA,NA,NA,NA
"863","IQSK","IS_24083",NA,"IS24083",NA,"TLSC 258","Gates",NA,NA,0.09582709454,0.01669399678,1.241718,7,"Landrace",NA,"Tanzania",NA,NA,NA,NA,NA
"864","IQSL","IS_24134",NA,"IS24134",NA,"TLSC 310","Gates",NA,NA,0.09293008507,0.01789035285,1.248805,7,"Landrace",NA,"Tanzania",NA,NA,NA,NA,NA
"865","IQSY","IS_26788",NA,"IS26788",NA,"Rooi S. vulgare;73226","Gates",NA,NA,0.1375428108,0.02454260103,1.324728,2,"Landrace",NA,"South Africa",NA,NA,NA,NA,NA
"866","ISHD","IS_30469",NA,"IS30469",NA,NA,"Gates",NA,NA,0.08773795749,0.01677337325,1.030654,14,"Landrace",NA,"Ethiopia",NA,NA,NA,NA,NA
"867","IQTF","IS_30492",NA,"IS30492",NA,"SOG 86","Gates",NA,NA,0.114391637,0.02102832424,1.23778,15,"Landrace",NA,"North Korea",NA,NA,NA,NA,NA
"868","IQTK","IS_32234",NA,"IS32234",NA,"YSC 3467","Gates",NA,NA,0.1250598529,0.02617035557,1.264149,2,"Landrace",NA,"Yemen",NA,NA,NA,NA,NA
"869","ISHL","IS_36563",NA,"IS36563",NA,NA,"Gates",NA,NA,0.08301084333,0.01608487085,1.055085,9,"Breeding",NA,"Niger",NA,NA,NA,NA,NA
"870","IZGX","Mal004_504",NA,NA,"Ma004","Darrell-Ken R/","Gates",NA,NA,0.1189465723,0.02279280651,1.35334,20,"Breeding",NA,"Mali",NA,NA,NA,NA,NA
"871","IZGY","Mal011_478",NA,NA,"Ma011","Grinkan /R","Gates",NA,NA,0.1198836981,0.02114839045,1.181496,8,"Breeding","Guinea-caudatum","Mali",NA,NA,NA,NA,NA
"872","JBQJ","Mal023_489",NA,NA,"Ma023","09-SB-Caract-1013 (Zangasso)","Gates",NA,NA,0.1168550795,0.02416984055,1.268899,5,"Landrace",NA,"Mali",NA,NA,NA,NA,NA
"873","JBQK","Mal026_511",NA,NA,"Ma026","09-SB-Caract-1067 (Tourandinkô)","Gates",NA,NA,0.1035608093,0.01938435882,1.215285,17,"Landrace","Bicolor-durra","Mali",NA,NA,NA,NA,NA
"874","JBQL","Mal033_466",NA,NA,"Ma033","09-SB-Caract-1097 (Natari)","Gates",NA,NA,0.1929703082,0.03115478501,2.316225,10,"Landrace","Guinea","Mali",NA,NA,NA,NA,NA
"875","IZHN","Mal087_476",NA,NA,"Ma087","G1","Gates",NA,NA,0.09767173003,0.01677889403,1.001113,5,"Landrace","Guinea","Mali",NA,NA,NA,NA,NA
"876","JHGX","Mal090_505",NA,NA,"Ma090","G9","Gates",NA,NA,0.1060979872,0.02100945824,1.194715,17,"Landrace","Guinea","Mali",NA,NA,NA,NA,NA
"877","IZGZ","Mal116_468",NA,NA,"Ma116","Nioro36","Gates",NA,NA,0.1118277823,0.01935310015,1.256499,17,"Landrace","Guinea","Mali",NA,NA,NA,NA,NA
"878","IZHA","Mal119_480",NA,NA,"Ma119","Nioro47","Gates",NA,NA,0.101561881,0.02310676339,1.003923,5,"Landrace","Caudatum","Mali",NA,NA,NA,NA,NA
"879","IZHB","Mal124_518",NA,NA,"Ma124",NA,"Gates",NA,NA,0.1121309602,0.02100395362,1.328205,20,NA,NA,NA,NA,NA,NA,NA,NA
"880","JBQN","Mal125_490",NA,NA,"Ma125","Nioro73","Gates",NA,NA,0.09922771834,0.03803061302,0.990846,13,"Landrace",NA,"Mali",NA,NA,NA,NA,NA
"881","JBQP","Mal128_479",NA,NA,"Ma128","Nioro84","Gates",NA,NA,0.1071215215,0.01970574235,1.211582,17,"Landrace","Guinea-caudatum","Mali",NA,NA,NA,NA,NA
"882","IZLG","Mal158_488",NA,NA,"Ma158","M93","Gates",NA,NA,0.1135819607,0.02260693739,1.229318,17,"Landrace","Bicolor","Mali",NA,NA,NA,NA,NA
"883","JBQQ","Mal168_481",NA,NA,"Ma168","ANCESTRALE","Gates",NA,NA,0.1144581903,0.02910720553,1.144559,8,"Landrace","Guinea-caudatum","Mali",NA,NA,NA,NA,NA
"884","IZHP","Mal169_473",NA,NA,"Ma169","SABA KORE","Gates",NA,NA,0.07631735661,0.04242738197,0.936253,20,"Landrace","Guinea-caudatum","Mali",NA,NA,NA,NA,NA
"885","JBQR","Mal172_497",NA,NA,"Ma172","HOMO BIBO","Gates",NA,NA,0.1188804072,0.02100374075,1.254235,13,"Landrace","Bicolor","Mali",NA,NA,NA,NA,NA
"886","JHGY","Mal173_477",NA,NA,"Ma173","ABAKARI","Gates",NA,NA,0.1158130768,0.0217525496,1.286897,4,"Landrace","Bicolor","Mali",NA,NA,NA,NA,NA
"887","JBQS","Mal179_520",NA,NA,"Ma179","KENIKEBA","Gates",NA,NA,0.1113010407,0.01985059004,1.191933,17,"Landrace","Guinea","Mali",NA,NA,NA,NA,NA
"888","IZHC","Mal181_492",NA,NA,"Ma181","SOROSSOKO-OU","Gates",NA,NA,0.1159155688,0.02097677708,1.291604,4,"Landrace","Guinea","Mali",NA,NA,NA,NA,NA
"889","JBQT","Mal182_516",NA,NA,"Ma182",NA,"Gates",NA,NA,0.1165268054,0.02030806535,1.185794,17,"Landrace",NA,"Mali",NA,NA,NA,NA,NA
"890","IZHD","Mal189_521",NA,NA,"Ma189","KELEKERI","Gates",NA,NA,0.08391671687,0.03884783181,0.848777,8,"Landrace","Guinea","Mali",NA,NA,NA,NA,NA
"891","JBQW","Mal191_493",NA,NA,"Ma191","KENIKE","Gates",NA,NA,0.1078113741,0.03878387011,1.014152,4,"Landrace","Guinea","Mali",NA,NA,NA,NA,NA
"892","JBQX","Mal192_507",NA,NA,"Ma192","BOUGOURINT","Gates",NA,NA,0.1124038842,0.01842701794,1.147503,20,"Landrace","Guinea","Mali",NA,NA,NA,NA,NA
"893","IZHE","Mal197_475",NA,NA,"Ma197","MAKA KENIKE","Gates",NA,NA,0.0953123048,0.01614241584,1.038692,5,"Landrace","Bicolor","Mali",NA,NA,NA,NA,NA
"894","JBQY","Mal198_487",NA,NA,"Ma198","SOTTODJE","Gates",NA,NA,0.08508284152,0.05785999356,0.808274,4,"Landrace",NA,"Mali",NA,NA,NA,NA,NA
"895","IZHF","Mal199_470",NA,NA,"Ma199","ROUGA HOMO SORGHO","Gates",NA,NA,0.08314209198,0.01475514509,1.046678,9,"Landrace","Caudatum","Mali",NA,NA,NA,NA,NA
"896","IZHG","Mal202_486",NA,NA,"Ma202","HOMO THIRE","Gates",NA,NA,0.1049905959,0.01905114527,1.175866,14,"Landrace","Guinea","Mali",NA,NA,NA,NA,NA
"897","JBQZ","Mal203_514",NA,NA,"Ma203","ALBAKARI","Gates",NA,NA,0.1139394074,0.02093221508,1.207094,17,"Landrace","Guinea-durra","Mali",NA,NA,NA,NA,NA
"898","JBRA","Mal209_519",NA,NA,"Ma209","SOTTO","Gates",NA,NA,0.1118065961,0.02072500133,1.162241,17,"Landrace","Guinea-durra","Mali",NA,NA,NA,NA,NA
"899","IZHR","Ni010_144",NA,"IS41786","Ni010","Gogué Gaari Kirey","Gates",NA,NA,0.121190583,0.02272257969,1.181623,8,"Landrace","Durra","Niger","Taka",NA,NA,NA,NA
"900","IZHT","Ni025_250",NA,"IS41821","Ni025","Darza","Gates",NA,NA,0.1196042575,0.02133028678,1.307154,20,"Landrace",NA,"Niger","Danbanguiro",NA,NA,NA,NA
"901","JBRD","Ni039_113",NA,"IS41851","Ni039","Asi Ma Haou Héni","Gates",NA,NA,0.1155140861,0.02195271631,1.333603,20,"Landrace","Caudatum","Niger","Margou",NA,NA,NA,NA
"902","IZHU","Ni041_248",NA,"IS41853","Ni041","Dosso Koubou 1","Gates",NA,NA,0.08845434825,0.02705206059,1.047144,9,"Landrace","Caudatum","Niger","Margou",NA,NA,NA,NA
"903","IZHW","Ni048_191",NA,"IS41870","Ni048","Hamo WASAPsa Tageo","Gates",NA,NA,0.1131407678,0.02086596241,1.327966,20,"Landrace","Guinea","Niger","Tenda",NA,NA,NA,NA
"904","JBRE","Ni049_268",NA,"IS41872","Ni049","Waïhigui Hawi Bey","Gates",NA,NA,0.1245541865,0.02399196496,1.398864,20,"Landrace","Durra","Niger","Tenda",NA,NA,NA,NA
"905","IZHX","Ni051_179",NA,"IS41881","Ni051","Jan Jaré","Gates",NA,NA,0.1226037036,0.02249846263,1.306234,20,"Landrace","Caudatum","Niger","Lido",NA,NA,NA,NA
"906","IZHY","Ni052_147",NA,"IS41887","Ni052","Takanda","Gates",NA,NA,0.101417294,0.01849816272,1.087313,5,"Landrace","Caudatum","Niger","Kiessé",NA,NA,NA,NA
"907","JBRF","Ni055_143",NA,"IS41891","Ni055","Guerguéra Dawa","Gates",NA,NA,0.08975671304,0.02613249053,1.041421,9,"Landrace","Caudatum","Niger","Kiessé",NA,NA,NA,NA
"908","JBRG","Ni060_184",NA,"IS41909","Ni060","Hamo Koirey","Gates",NA,NA,0.11108746,0.02059461874,1.327544,20,"Landrace","Caudatum","Niger","Falwel",NA,NA,NA,NA
"909","JBRH","Ni070_226",NA,"IS41942","Ni070","Sodou Nebbam","Gates",NA,NA,0.07149091166,0.06289021729,0.603776,8,"Landrace","Caudatum","Niger","Tamou",NA,NA,NA,NA
"910","JBRI","Ni073_115",NA,"IS41947","Ni073","Jan Jaré","Gates",NA,NA,0.1152138753,0.02061745296,1.137212,19,"Landrace",NA,"Niger","Tamou",NA,NA,NA,NA
"911","JBRJ","Ni074_194",NA,"IS41949","Ni074","Hamo Kirey","Gates",NA,NA,0.1116918194,0.01871486693,1.190723,13,"Landrace",NA,"Niger","Koné Béri",NA,NA,NA,NA
"912","JBRK","Ni081_135",NA,"IS41971","Ni081","El Bazanga","Gates",NA,NA,0.08643978001,0.03997672792,0.923992,20,"Landrace","Caudatum-bicolor","Niger","Yaya",NA,NA,NA,NA
"913","IZHH","Ni094_186",NA,"IS41996","Ni094","Koutagué Fara","Gates",NA,NA,0.07641607733,0.02771519916,0.973397,9,"Landrace","Caudatum-bicolor","Niger","Mogueur",NA,NA,NA,NA
"914","JBRL","Ni095_164",NA,"IS41997","Ni095","El Kamba","Gates",NA,NA,0.1118132515,0.02681372752,1.315386,20,"Landrace","Durra-guinea","Niger","Mogueur",NA,NA,NA,NA
"915","JBRN","Ni097_227",NA,"IS42000","Ni097","Koutagué","Gates",NA,NA,0.1013050408,0.03905973473,1.045835,20,"Landrace","Durra","Niger","Afala",NA,NA,NA,NA
"916","IZHZ","Ni108_120",NA,"IS42041","Ni108","Jan Jaré","Gates",NA,NA,0.1126759485,0.0330571699,1.058497,8,"Landrace","Caudatum","Niger","Ibohamane",NA,NA,NA,NA
"917","JBRP","Ni110_270",NA,"IS42046","Ni110","Tagaza Fara","Gates",NA,NA,0.1235924914,0.02365678898,1.400041,20,"Landrace","Caudatum","Niger","Déoulé",NA,NA,NA,NA
"918","JBRQ","Ni111_303",NA,"IS42049","Ni111","Tallabani","Gates",NA,NA,0.1164987698,0.01917924308,1.209593,13,"Landrace","Caudatum","Niger","Déoulé",NA,NA,NA,NA
"919","IZIA","Ni117_116",NA,"IS42071","Ni117","Agé Bétchi","Gates",NA,NA,0.1293496842,0.02311439088,1.336098,20,"Landrace","Caudatum","Niger","Azarori",NA,NA,NA,NA
"920","IZIB","Ni120_309",NA,"IS42087","Ni120","Bagoba","Gates",NA,NA,0.08585946301,0.01525272819,1.0666,5,"Landrace","Durra-caudatum","Niger","Bagaroua",NA,NA,NA,NA
"921","IZIC","Ni122_154",NA,"IS42091","Ni122","Hakorin Karoua","Gates",NA,NA,0.09133452528,0.01490706651,1.16453,9,"Landrace","Caudatum","Niger","Madarounfa",NA,NA,NA,NA
"922","IZID","Ni123_275",NA,"IS42095","Ni123","Mota","Gates",NA,NA,0.07686459108,0.04672039694,0.788864,9,"Landrace","Caudatum","Niger","Madarounfa",NA,NA,NA,NA
"923","IZIE","Ni135_278",NA,"IS42173","Ni135","Féronim Goyam","Gates",NA,NA,0.1010728807,0.01831307961,1.041013,9,"Landrace","Caudatum","Niger","Chéri",NA,NA,NA,NA
"924","IZJA","Ni331_109",NA,NA,"Ni331",NA,"Gates",NA,NA,0.1062049994,0.02258587208,1.122786,9,"Landrace",NA,"Niger",NA,NA,NA,NA,NA
"925","IZJB","Ni343_155",NA,NA,"Ni343",NA,"Gates",NA,NA,0.113511747,0.0272884325,1.337227,20,"Landrace",NA,"Niger",NA,NA,NA,NA,NA
"926","IZJC","Ni344_225",NA,NA,"Ni344",NA,"Gates",NA,NA,0.09470633705,0.02471916314,1.10911,9,"Landrace",NA,"Niger",NA,NA,NA,NA,NA
"927","IZJD","Ni355_098",NA,NA,"Ni355",NA,"Gates",NA,NA,0.101191817,0.01824204295,1.16289,14,"Landrace",NA,"Niger",NA,NA,NA,NA,NA
"928","IZJE","Ni364_210",NA,NA,"Ni364",NA,"Gates",NA,NA,0.1073232889,0.02087784809,1.182974,17,"Landrace",NA,"Niger",NA,NA,NA,NA,NA
"929","JBRU","Sen002",NA,NA,"Sn002","Baningmongo","Gates",NA,NA,0.06969081142,0.06357688771,0.603626,8,"Landrace","Guinea","Senegal",NA,NA,NA,NA,NA
"930","JBRW","Sen003_043",NA,NA,"Sn003","Bassi S4","Gates",NA,NA,0.1075517608,0.02099337579,1.196258,17,"Landrace","Guinea","Senegal",NA,NA,NA,NA,NA
"931","JBRX","Sen008",NA,NA,"Sn008","Congossané","Gates",NA,NA,0.1089157983,0.02004859263,1.1768,17,"Landrace","Guinea","Senegal",NA,NA,NA,NA,NA
"932","IZJF","Sen023_024",NA,NA,"Sn023","Flattie Ba","Gates",NA,NA,0.1080660514,0.02027339611,1.205383,17,"Landrace","Guinea","Senegal","M'Pesoba (Mali)",NA,NA,NA,NA
"933","IZHI","Sen024_040",NA,NA,"Sn024","Kénélé","Gates",NA,NA,0.1076568595,0.01929980836,1.196984,17,"Landrace","Guinea","Senegal","Farako Bâ (Haute Volta)",NA,NA,NA,NA
"934","IZHJ","Sen028_007",NA,NA,"Sn028","Héguéri","Gates",NA,NA,0.1084673123,0.01713320591,1.064407,19,"Landrace","Guinea","Senegal",NA,NA,NA,NA,NA
"935","JBSH","Sen039_069",NA,NA,"Sn039","Sévil","Gates",NA,NA,0.1190347276,0.0231772865,1.267818,8,"Landrace","Guinea","Senegal","Fleuve Senegal",NA,NA,NA,NA
"936","JBSJ","Sen044_038",NA,NA,"Sn044","Sorgho  Sud","Gates",NA,NA,0.09780855251,0.01655567635,1.016317,5,"Landrace","Guinea","Senegal","Sodeva Bambey",NA,NA,NA,NA
"937","IZJG","Sen045_012",NA,NA,"Sn045","Wan Bassi","Gates",NA,NA,0.1076857548,0.02089335228,1.038334,19,"Landrace","Guinea","Senegal",NA,NA,NA,NA,NA
"938","IZJJ","Sen057_083",NA,NA,"Sn057","SL  179","Gates",NA,NA,0.1117271204,0.02011588491,1.156123,17,"Landrace","Guinea","Senegal",NA,NA,NA,NA,NA
"939","JBSN","Sen059_2",NA,NA,"Sn059","SL   591","Gates",NA,NA,0.08047868457,0.02916663412,0.983506,17,"Landrace","Guinea","Senegal",NA,NA,NA,NA,NA
"940","IZHL","Sen060_058",NA,NA,"Sn060","SL  456","Gates",NA,NA,0.1076329281,0.02084227071,1.247418,17,"Landrace","Guinea","Senegal",NA,NA,NA,NA,NA
"941","JBSQ","Sen061_097",NA,NA,"Sn061","SL  646","Gates",NA,NA,0.09284994381,0.01667891815,1.062917,14,"Landrace","Guinea","Senegal",NA,NA,NA,NA,NA
"942","IZJL","Sen072_078",NA,NA,"Sn072","SL   516","Gates",NA,NA,0.1366546016,0.01629765275,1.146043,17,"Landrace","Guinea","Senegal",NA,NA,NA,NA,NA
"943","IZHM","Sen073_004",NA,NA,"Sn073","Sans nom SEN1","Gates",NA,NA,0.1172320762,0.02750241952,1.237021,17,"Landrace","Guinea","Senegal",NA,NA,NA,NA,NA
"944","JBSR","Sen077_077",NA,NA,"Sn077","92-58","Gates",NA,NA,0.1003825012,0.05365841344,1.464109,17,"Landrace","Guinea","Senegal",NA,NA,NA,NA,NA
"945","IZJM","Sen089_005",NA,NA,"Sn089","57-28","Gates",NA,NA,0.1115068845,0.02229093859,1.17774,8,"Landrace","Guinea-caudatum","Senegal","Florentus Sourenço Mozambique)",NA,NA,NA,NA
"946","IZJN","Sen091_023",NA,NA,"Sn091","56-15","Gates",NA,NA,0.1137637621,0.02161554421,1.075233,19,"Landrace","Guinea","Senegal","Cameroun",NA,NA,NA,NA
"947","IZJP","Sen113_051",NA,NA,"Sn113","SL 291","Gates",NA,NA,0.1176584887,0.02245628033,1.311377,4,"Landrace","Guinea","Senegal",NA,NA,NA,NA,NA
"948","JBST","Tog041_463",NA,NA,"Tg041","Mouloukou coumè","Gates",NA,NA,0.1197015639,0.02377982259,1.334298,4,"Landrace","Guinea","Togo","Kawa",NA,NA,NA,NA
"949","IZJX","Tog128_462",NA,NA,"Tg128",NA,"Gates",NA,NA,0.09138211089,0.01716418241,1.119004,5,"Landrace","Guinea","Togo",NA,NA,NA,NA,NA
"950","IZJY","Tog129_428",NA,NA,"Tg129",NA,"Gates",NA,NA,0.1172150496,0.02383299573,1.392557,4,"Landrace","Bicolor-guinea","Togo",NA,NA,NA,NA,NA
"951","IZJZ","Tog144_444",NA,NA,"Tg144",NA,"Gates",NA,NA,0.1182139591,0.02254637368,1.346042,4,"Landrace","Caudatum","Togo",NA,NA,NA,NA,NA
"952","IZKA","Tog150_314",NA,NA,"Tg150",NA,"Gates",NA,NA,0.1169482541,0.01969767255,1.077537,8,"Landrace","Guinea","Togo",NA,NA,NA,NA,NA
"953","INSS","7787_AGG324559SORG","AGG324559SORG","IS36633",NA,"Selection of IS 3413","Gates",NA,NA,0.09543736954,0.01654155475,1.047737,5,"Breeding",NA,"India",NA,NA,NA,NA,NA
"954","INSY","PI527440","AGG324566SORG","IS31693",NA,"S. bicolor 71; PI 527440","Gates",NA,NA,0.1037649338,0.02039163817,1.340563,16,"Landrace",NA,"Algeria",NA,NA,NA,NA,NA
"955","INTB","PI527428","AGG324573SORG","IS31681",NA,"S. bicolor 15; PI 527428","Gates",NA,NA,0.1334968141,0.02344052452,1.392459,3,"Landrace",NA,"Algeria",NA,NA,NA,NA,NA
"956","INTE","7798_AGG324577SORG","AGG324577SORG","IS30503",NA,"SOG 98","Gates",NA,NA,0.1170038261,0.02076247569,1.249017,15,"Landrace",NA,"North Korea",NA,NA,NA,NA,NA
"957","INTG","7800_AGG324581SORG","AGG324581SORG","IS29606",NA,"Arnold 1757","Gates",NA,NA,0.09276772276,0.01657283999,1.129855,16,"Landrace",NA,"South Africa",NA,NA,NA,NA,NA
"958","INTQ","7809_AGG324594SORG","AGG324594SORG","IS24072",NA,"TLSC 243-2","Gates",NA,NA,0.1021288042,0.01839734329,1.236943,7,"Landrace",NA,"Tanzania",NA,NA,NA,NA,NA
"959","INTR","7810_AGG324596SORG","AGG324596SORG","IS23777",NA,"MW 80-444","Gates",NA,NA,0.1044224249,0.01929568735,1.202857,7,"Landrace",NA,"Malawi",NA,NA,NA,NA,NA
"960","INTS","7811_AGG324608SORG","AGG324608SORG","IS23254",NA,NA,"Gates",NA,NA,0.1140368802,0.022849163,1.316423,7,"Landrace",NA,"Zambia",NA,NA,NA,NA,NA
"961","INTW","7814_AGG324613SORG","AGG324613SORG","IS18800",NA,"S. verticilliflorum","Gates",NA,NA,0.1396608139,0.02906684425,1.525696,12,"Wild",NA,"South Africa",NA,NA,NA,NA,NA
"962","INTX","7815_AGG324617SORG","AGG324617SORG","IS16396",NA,"4-2-11-2-A","Gates",NA,NA,0.1219613811,0.02187732802,1.344326,4,"Landrace",NA,"Cameroon",NA,NA,NA,NA,NA
"963","INTZ","7817_AGG324620GORG","AGG324620SORG","IS21849",NA,"HD 298","Gates",NA,NA,0.1805448912,0.03480567949,2.320364,10,"Landrace",NA,"Sierra Leone",NA,NA,NA,NA,NA
"964","INUA","7818_AGG324621SORG","AGG324621SORG","IS21691",NA,"HD 279","Gates",NA,NA,0.1105824869,0.02024152344,1.314996,16,"Wild",NA,"Niger",NA,NA,NA,NA,NA
"965","INUB","7819_AGG324631SORG","AGG324631SORG","IS20097",NA,"BIS 1974","Gates",NA,NA,0.1072006644,0.02010620916,1.219678,17,"Landrace",NA,"Senegal",NA,NA,NA,NA,NA
"966","INUE","7822_AGG324636SORG","AGG324636SORG","IS19466",NA,"EC 121363; Mardakadawala x Combine bulk Kafir (CK 60 B)","Gates",NA,NA,0.1299121982,0.02711091055,1.848922,10,"Landrace",NA,"Sri Lanka",NA,NA,NA,NA,NA
"967","INUF","7823_AGG324637SORG","AGG324637SORG","IS19455",NA,NA,"Gates",NA,NA,0.1016296545,0.01927005835,1.150416,7,"Landrace",NA,"Botswana",NA,NA,NA,NA,NA
"968","INUK","7828_AGG324643SORG","AGG324643SORG","IS20709",NA,"HDW 128","Gates",NA,NA,0.1102792257,0.01847315106,1.123707,5,"Landrace",NA,"United States",NA,NA,NA,NA,NA
"969","INUL","7829_AGG324644SORG","AGG324644SORG","IS20727",NA,"HDW 304","Gates",NA,NA,0.1312975882,0.0246081919,1.480857,3,"Landrace",NA,"United States",NA,NA,NA,NA,NA
"970","INUM","7830_AGG324645SORG","AGG324645SORG","IS20763",NA,"HDW 109","Gates",NA,NA,0.1144572475,0.01798064092,1.114823,19,"Landrace",NA,"United States",NA,NA,NA,NA,NA
"971","INUP","7832_AGG324651SORG","AGG324651SORG","IS14571",NA,NA,"Gates",NA,NA,0.1577526339,0.02608552273,1.510473,12,"Wild",NA,"Kenya",NA,NA,NA,NA,NA
"972","IZKX","AGG324663SORG","AGG324663SORG","IS18813",NA,"S. virgatum","Gates",NA,NA,0.1350424589,0.02979060171,1.523481,12,"Wild",NA,"Egypt",NA,NA,NA,NA,NA
"973","INUS","7835_AGG324664SORG","AGG324664SORG","IS18868",NA,"HW 558","Gates",NA,NA,0.4692482597,0.05743162701,1.244995,12,"Wild",NA,"United States",NA,NA,NA,NA,NA
"974","INUT","7836_AGG324666SORG","AGG324666SORG","IS19418",NA,"MT 129","Gates",NA,NA,0.09964387055,0.02100866283,1.034191,5,"Landrace",NA,"Ethiopia",NA,NA,NA,NA,NA
"975","INUU","7837_AGG324678SORG","AGG324678SORG","IS14414",NA,NA,"Gates",NA,NA,0.1046649839,0.01932637401,1.197644,7,"Landrace",NA,"Malawi",NA,NA,NA,NA,NA
"976","INUW","7838_AGG324681SORG","AGG324681SORG","IS14216",NA,NA,"Gates",NA,NA,0.1264165696,0.02241410353,1.335921,5,"Wild",NA,"Angola",NA,NA,NA,NA,NA
"977","IQSU","IS_25207","Grif10083","IS25207",NA,"Acc 70950","Gates",NA,NA,0.1350264861,0.02203593853,1.430212,11,"Landrace",NA,"Ethiopia",NA,NA,NA,NA,NA
"978","IQSW","IS_25301","Grif10149","IS25301",NA,"Acc 72761","Gates",NA,NA,0.1290449256,0.02514678363,1.538477,11,"Landrace",NA,"Ethiopia",NA,NA,NA,NA,NA
"979","IQSX","IS_25442","Grif10259","IS25442",NA,"Sorg 142","Gates",NA,NA,0.09856531894,0.01673926196,1.029157,5,"Landrace",NA,"Kenya",NA,NA,NA,NA,NA
"980","IQSZ","IS_26815","Grif10983","IS26815",NA,"YSC 320-1","Gates",NA,NA,0.1053233624,0.02594706512,1.100235,5,"Landrace",NA,"Yemen",NA,NA,NA,NA,NA
"981","IQTC","IS_27786","Grif11481","IS27786",NA,"427","Gates",NA,NA,0.1202795793,0.01913243032,1.270362,2,"Landrace",NA,"Morocco",NA,NA,NA,NA,NA
"982","IQTD","IS_27791","Grif11484","IS27791",NA,NA,"Gates",NA,NA,0.1275425404,0.02085800598,1.168057,2,"Landrace",NA,"Germany",NA,NA,NA,NA,NA
"983","IQSM","IS_24481","Grif9590","IS24481",NA,"69733","Gates",NA,NA,0.06947903329,0.01614256532,1.134295,16,"Landrace",NA,"South Africa,Sierra Leone",NA,NA,NA,NA,NA
"984","IQSN","IS_24503","Grif9611","IS24503",NA,"71316","Gates",NA,NA,0.1969586531,0.02848649984,1.772039,12,"Landrace",NA,"South Africa,Sierra Leone",NA,NA,NA,NA,NA
"985","ISGU","IS_24913","Grif9936","IS24913",NA,"No. 1237-2","Gates",NA,NA,0.09892135134,0.01987490648,1.219814,16,"Landrace",NA,"Zambia",NA,NA,NA,NA,NA
"986","IQSR","IS_24940","Grif9956","IS24940",NA,"No. 2085","Gates",NA,NA,0.08624192261,0.01581129039,1.111725,1,"Landrace",NA,"Zambia",NA,NA,NA,NA,NA
"987","IQSS","IS_24953","Grif9965","IS24953",NA,"No. 2360","Gates",NA,NA,0.09069633465,0.02761371786,1.090517,7,"Landrace",NA,"Zambia",NA,NA,NA,NA,NA
"988","JBPK","PI702324","NSL103374","IS15428",NA,"2-1-6-7;PURDUE NO 49643","Gates",NA,NA,0.1026990827,0.019519276,1.089144,5,"Landrace",NA,"Cameroon",NA,NA,NA,NA,NA
"989","JBPL","IS18698","NSL365791","IS18698",NA,"ICRISAT Midge line -5","Gates",NA,NA,0.07483488197,0.06316384055,0.640842,2,"Breeding",NA,"United States,India",NA,NA,NA,NA,NA
"990","JHFN","PI702226","NSL92385","IS14351",NA,"HD-060","Gates",NA,NA,0.1101778152,0.02190941602,1.247737,7,"Landrace",NA,"Malawi",NA,NA,NA,NA,NA
"991","INJP","PI144134_Inyangentombi","PI144134",NA,NA,"Inyangentombi","BAP",NA,NA,0.07534027105,0.01282663039,1.068558,9,NA,NA,"KwaZulu-Natal",NA,NA,NA,NA,NA
"992","INJQ","PI145619_ISIDOMBA","PI145619","ISIDOMBA",NA,"ISIDOMBA","BAP",NA,NA,0.08131426119,0.01252451589,1.155873,16,NA,"Caudatum","South Africa",NA,NA,NA,NA,NA
"993","INJR","PI145626_Manyoble","PI145626",NA,NA,"Manyoble","BAP",NA,NA,0.08071128834,0.01406923622,1.217756,16,NA,"Kafir-bicolor","South Africa",NA,NA,NA,NA,NA
"994","INJS","PI145632_TEGEVINI","PI145632",NA,NA,"TEGEVINI","BAP",NA,NA,0.08926227752,0.01521021189,1.177718,16,NA,NA,"South Africa",NA,NA,NA,NA,NA
"995","INJT","PI145633_Tugela_Ferry","PI145633",NA,NA,"Tugela Ferry","BAP",NA,NA,0.08442865036,0.01422179601,1.150449,16,NA,NA,"South Africa",NA,NA,NA,NA,NA
"996","IDYQ","PI146890","PI146890",NA,NA,"SUGAR DRIP","BAP",NA,NA,0.09349645361,0.009720548531,1.149991,16,NA,NA,"Democratic Republic of the Congo",NA,NA,NA,NA,NA
"997","IFIT","PI147224","PI147224",NA,NA,"B. 35","BAP",NA,NA,0.06896463178,0.009092888685,1.121352,16,NA,NA,"India",NA,NA,NA,NA,NA
"998","SRR8474782","SRR8474782","PI148084",NA,NA,"Amelsie","TERRA_new",NA,NA,0.4837883522,0.02179994538,0.473924,20,NA,"Durra","Ethiopia",NA,NA,NA,NA,NA
"999","SRR8474692","SRR8474692","PI148114","IS12561",NA,"MN 700; PI 148114; SC 0041; EC 596695","TERRA_new",NA,NA,0.4203331408,0.01571038993,0.833944,18,"Breeding","Durra","Ethiopia",NA,NA,NA,NA,NA
"1000","IFEE","PI152651","PI152651",NA,NA,"Feterita Geshaish","BAP","unresolved",NA,0.07581898336,0.01155248843,1.151078,16,NA,NA,"Sudan",NA,NA,NA,NA,NA
"1001","SAMEA12302664","PI152651","PI152651",NA,NA,"Feterita Geshaish","SAP","unresolved",NA,0.1274197773,0.01328540962,0.99574,19,NA,NA,"Sudan",NA,NA,NA,NA,NA
"1002","INJU","PI152694_Kafir_Slongi","PI152694",NA,NA,"Kafir Slongi","BAP",NA,NA,0.09503039614,0.0150606095,1.07278,5,NA,NA,"Kordofan,Sudan",NA,NA,NA,NA,NA
"1003","ISJD","PI152727","PI152727",NA,NA,"Malwal Tonj","BAP",NA,NA,0.09783974937,0.01793275487,1.196402,1,NA,"Guinea-bicolor","Kenya",NA,NA,NA,NA,NA
"1004","IFLR","PI152728","PI152728",NA,NA,"MANALEK","BAP",NA,NA,0.1228067466,0.01929370607,1.281129,13,NA,"Durra","Sudan",NA,NA,NA,NA,NA
"1005","ISKI","PI152730","PI152730",NA,NA,"MATCHIKAH 1","BAP","keep",NA,0.1218964916,0.02490755261,1.248438,19,NA,"Caudatum,Caudatum-bicolor","Kenya,Sudan",NA,NA,NA,NA,NA
"1006","IFFZ","PI152733","PI152733",NA,NA,"MERISSA (BARI)","BAP",NA,NA,0.1104348218,0.01825648692,1.024738,5,NA,"Caudatum","Sudan",NA,NA,NA,NA,NA
"1007","INJW","PI152751_NYTWAL","PI152751",NA,NA,"NYTWAL","BAP","unresolved",NA,0.09347385322,0.015787353,1.056083,5,NA,"Guinea-caudatum","Sudan",NA,NA,NA,NA,NA
"1008","INJX","PI152771_RAHMETALLA_GALLABAT","PI152771",NA,NA,"RAHMETALLA GALLABAT","BAP",NA,NA,0.1029694,0.01732734819,1.083073,5,NA,NA,"Sudan",NA,NA,NA,NA,NA
"1009","INJY","PI152816_WAD_FU_WHITE","PI152816",NA,NA,"WAD FUR WHITE","BAP",NA,NA,0.09983978681,0.0181903067,1.036998,5,NA,NA,"Sudan",NA,NA,NA,NA,NA
"1010","INJZ","PI152828_U.T.23","PI152828",NA,NA,"U.T. 23","BAP",NA,NA,0.08365882285,0.01159640081,0.977901,19,NA,NA,"Democratic Republic of the Congo",NA,NA,NA,NA,NA
"1011","INKA","PI152860_MERASI","PI152860",NA,NA,"MERASI","BAP",NA,NA,0.1042386546,0.01757207009,1.101744,5,NA,NA,"Sudan",NA,NA,NA,NA,NA
"1012","INKB","PI152862_KULUM_BROWN","PI152862",NA,NA,"KULUM BROWN","BAP",NA,NA,0.1011235444,0.01861582698,1.107055,5,NA,NA,"Kordofan,Sudan",NA,NA,NA,NA,NA
"1013","INKC","PI152923_Duro_El_Jack","PI152923",NA,NA,"Duro El Jack","BAP",NA,NA,0.1027545716,0.01624793828,1.021473,5,NA,NA,"Kordofan,Sudan",NA,NA,NA,NA,NA
"1014","INKD","PI152961_MALNAL","PI152961",NA,NA,"MALNAL","BAP",NA,NA,0.1050133349,0.01853759969,1.093183,5,NA,NA,"Sudan",NA,NA,NA,NA,NA
"1015","ISKP","PI152963","PI152963",NA,NA,"Thok (B)","BAP",NA,NA,0.114079918,0.01972520375,1.140326,19,NA,NA,"Sudan",NA,NA,NA,NA,NA
"1016","INKE","PI152965_TADA","PI152965",NA,NA,"TADA","BAP",NA,NA,0.1026772865,0.01645251164,1.02395,5,NA,"Caudatum","Sudan",NA,NA,NA,NA,NA
"1017","INKF","PI152966_Ayuak","PI152966",NA,NA,"Ayuak","BAP",NA,NA,0.09269606705,0.01605289618,1.037359,5,NA,NA,"Sudan",NA,NA,NA,NA,NA
"1018","IDYU","PI152967","PI152967",NA,NA,"WERAKAN","BAP",NA,NA,0.1135409473,0.014277117,1.001125,5,NA,NA,"Sudan",NA,NA,NA,NA,NA
"1019","IFMG","PI152971","PI152971",NA,NA,"AWANLEK","BAP",NA,NA,0.1006568949,0.01733018611,1.024799,5,NA,NA,"Sudan",NA,NA,NA,NA,NA
"1020","IFGF","PI153877","PI153877",NA,NA,"MUEMBE","BAP",NA,NA,0.1102533254,0.01975219667,1.200155,7,NA,"Guinea","Kenya",NA,NA,NA,NA,NA
"1021","ISKW","PI154750","PI154750",NA,NA,"Serere","BAP",NA,NA,0.10342798,0.01689125878,1.08696,1,NA,NA,"Uganda",NA,NA,NA,NA,NA
"1022","ISLC","PI154844","PI154844",NA,NA,"GRASSL","GatesRef",NA,NA,0.09625689017,0.01587641109,1.075038,14,NA,"Caudatum","Uganda",NA,NA,NA,NA,NA
"1023","IFKN","PI154846","PI154846",NA,NA,"KABIRI","BAP",NA,NA,0.1113090271,0.01876081953,1.183703,1,NA,NA,"Uganda",NA,NA,NA,NA,NA
"1024","IDWG","PI154944","PI154944",NA,NA,"L31 Emiroit","BAP",NA,NA,0.1517318623,0.01196047437,0.936917,5,NA,NA,"Uganda",NA,NA,NA,NA,NA
"1025","IFMN","PI154987","PI154987",NA,NA,"S. A. 1","JGI_Ref",NA,NA,0.1019161664,0.01658464947,1.039257,5,NA,NA,"Eswatini",NA,NA,NA,NA,NA
"1026","IFLC","PI154988","PI154988",NA,NA,"S. A. 2","BAP",NA,NA,0.08425807981,0.0136389127,1.156738,16,NA,NA,"Eswatini",NA,NA,NA,NA,NA
"1027","INKH","PI155149_Dhurra_No.7","PI155149",NA,NA,"Dhurra No. 7","BAP",NA,NA,0.1198304832,0.01895710468,1.212043,2,NA,NA,"Yemen",NA,NA,NA,NA,NA
"1028","ISLI","PI155516","PI155516",NA,NA,"MASAKA","BAP",NA,NA,0.1006542328,0.02135241555,1.165966,1,NA,NA,"Zambia",NA,NA,NA,NA,NA
"1029","IDWN","PI155760","PI155760",NA,NA,"Namuse","BAP",NA,NA,0.1504552592,0.01391082544,1.077575,7,NA,"Guinea-caudatum","Malawi",NA,NA,NA,NA,NA
"1030","IDWJ","PI155885","PI155885","IS12598",NA,"IS12598","BAP",NA,NA,0.1447782631,0.01314352664,0.966306,5,"Landrace",NA,"Tanzania",NA,NA,NA,NA,NA
"1031","IDWI","PI156018","PI156018",NA,NA,"MN 1615","BAP",NA,NA,0.1685440843,0.01377778946,1.15551,5,NA,"Bicolor","Democratic Republic of the Congo",NA,NA,NA,NA,NA
"1032","IFGA","PI156178","PI156178",NA,NA,"MN 2014","JGI_Ref",NA,NA,0.1150386182,0.01715053608,1.227443,7,NA,"Guinea","Malawi",NA,NA,NA,NA,NA
"1033","ISLP","PI156203","PI156203",NA,NA,"MN 2089","BAP",NA,NA,0.1049674686,0.01846238415,1.235512,7,NA,"Caudatum-bicolor","Malawi",NA,NA,NA,NA,NA
"1034","INKJ","PI156217_MN_2109","PI156217",NA,NA,"MN 2109","BAP",NA,NA,0.09120521778,0.01650934703,1.077133,7,NA,"Caudatum","Malawi",NA,NA,NA,1372,NA
"1035","ISLW","PI156268","PI156268",NA,NA,"CHEDOMBA","BAP",NA,NA,0.1244860526,0.02145904151,1.23829,2,NA,"Durra","Malawi",NA,NA,NA,NA,NA
"1036","INKK","PI156326_CHIMPAMBA","PI156326",NA,NA,"CHIMPAMBA","BAP",NA,NA,0.101749284,0.01715933241,1.217069,1,NA,"Caudatum","Zambia",NA,NA,NA,NA,NA
"1037","IFFQ","PI156330","PI156330",NA,NA,"KAPUPU","BAP",NA,NA,0.1036859572,0.02140663255,1.161573,1,NA,"Durra-caudatum","Zambia",NA,NA,NA,NA,NA
"1038","IFKS","PI156393","PI156393",NA,NA,"MN 2277","BAP",NA,NA,0.1038334282,0.0177262065,1.256237,1,NA,"Caudatum","Tanzania",NA,NA,NA,NA,NA
"1039","INKL","PI156463_Dobbs","PI156463",NA,NA,"Dobbs","BAP",NA,NA,0.09725216697,0.01572545769,1.018694,5,NA,"Caudatum","Tanzania",NA,NA,NA,NA,NA
"1040","IFKT","PI156487","PI156487",NA,NA,"MN 2363","BAP",NA,NA,0.1059830164,0.01933641087,1.278263,7,NA,"Guinea","Tanzania",NA,NA,NA,NA,NA
"1041","INKM","PI156871_Rutobo","PI156871",NA,NA,"Rutobo","BAP",NA,NA,0.1152554156,0.01682776858,1.217966,1,NA,"Caudatum","Democratic Republic of the Congo",NA,NA,NA,NA,NA
"1042","INKN","PI156890_Dura_Huria","PI156890",NA,NA,"Dura Huria","BAP",NA,NA,0.08689899775,0.01349769094,1.202478,16,NA,NA,"Democratic Republic of the Congo",NA,NA,NA,NA,NA
"1043","IDTY","PI157030","PI157030",NA,NA,"Andiwo III 57","BAP",NA,NA,0.1365371627,0.01603285981,1.033075,1,NA,"Caudatum","Kenya",NA,NA,NA,NA,NA
"1044","INKP","PI157033_Ifube_No.18","PI157033",NA,NA,"Ifube No. 18","BAP",NA,NA,0.09622142281,0.0161452452,1.021852,5,NA,"Caudatum","Kenya",NA,NA,NA,NA,NA
"1045","INKQ","PI157035_Nyagwang_No.56","PI157035",NA,NA,"Nyagwang No. 56","BAP",NA,NA,0.1008912179,0.01540996107,1.108637,14,NA,NA,"Kenya",NA,NA,NA,NA,NA
"1046","INKR","PI157804_Feterita_Abu_Derega","PI157804",NA,NA,"Feterita Abu Derega","BAP",NA,NA,0.1063635904,0.01565507643,1.001598,19,NA,NA,"Sudan",NA,NA,NA,NA,NA
"1047","INKT","PI170787_MN_2826","PI170787",NA,NA,"MN 2826","BAP",NA,NA,0.09063729633,0.01472203187,1.174878,16,NA,"Caudatum-bicolor","Turkey",NA,NA,NA,NA,NA
"1048","SAMEA12302762","PI17548","PI17548",NA,NA,"RED AMBER","SAP",NA,NA,0.1049741239,0.01476284769,1.254007,15,NA,NA,"New South Wales",NA,NA,NA,NA,NA
"1049","IFGB","PI176766","PI176766",NA,NA,"MN 2873","BAP",NA,NA,0.141095287,0.02499625322,1.543692,3,NA,NA,"Turkey",NA,NA,NA,NA,NA
"1050","IFFP","PI179749","PI179749",NA,NA,"Juar","BAP",NA,NA,0.1249297135,0.02251184031,1.20639,2,NA,"Durra","India",NA,NA,NA,NA,NA
"1051","INKU","PI180348_Juar","PI180348",NA,NA,"Juar","JGI_Ref",NA,NA,0.1235774892,0.02209862206,1.194138,2,NA,"Durra","India",NA,NA,NA,NA,NA
"1052","JHIC","IS12885","PI181079","IS12885",NA,"ACHO KODRI","Gates",NA,NA,0.1166197027,0.02224491541,1.173138,8,"Landrace",NA,"India",NA,NA,NA,NA,NA
"1053","INKW","PI181080_HONEY","PI181080",NA,NA,"HONEY SORGHUM","BAP",NA,NA,0.1186713189,0.01990077365,1.316638,5,NA,"Bicolor","India",NA,NA,NA,NA,NA
"1054","INKX","PI181083_KAMANDRI","PI181083",NA,NA,"KAMANDRI","BAP",NA,NA,0.1192635046,0.02090821861,1.235776,2,NA,"Durra-bicolor","India",NA,NA,NA,NA,NA
"1055","IFGW","PI185573","PI185573",NA,NA,"38","BAP",NA,NA,0.2418786886,0.02271879745,1.632553,12,NA,NA,"Transvaal",NA,NA,NA,NA,NA
"1056","INUZ","PI195754","PI195754",NA,NA,"KAOLIANG","BAP",NA,NA,0.080432125,0.01375652894,1.155229,16,NA,"Kafir-bicolor","China",NA,NA,NA,NA,NA
"1057","INKY","PI196049_IS_2131","PI196049","IS2131",NA,"IS2131","BAP",NA,NA,0.1262035435,0.02082125129,1.126685,18,"Breeding","Durra","United States,Ethiopia",NA,NA,NA,NA,NA
"1058","INKZ","PI196583_MN_3080","PI196583",NA,NA,"MN 3080","BAP",NA,NA,0.08046831335,0.01294071379,1.209597,16,NA,NA,"Taiwan",NA,NA,NA,NA,NA
"1059","INLA","PI196586_MN_3083","PI196586",NA,NA,"MN 3083","BAP",NA,NA,0.07251544418,0.01135263842,1.163711,16,NA,"Guinea-kafir","India",NA,NA,NA,NA,NA
"1060","INLB","PI196598_MN_3095","PI196598",NA,NA,"MN 3095","BAP",NA,NA,0.08132732228,0.01317205091,1.165418,16,NA,NA,"Taiwan",NA,NA,NA,NA,NA
"1061","IFGR","PI197542","PI197542",NA,NA,"SUCRE DROME","BAP",NA,NA,0.1286837075,0.02198249441,1.359131,15,NA,NA,"Algeria",NA,NA,NA,NA,NA
"1062","IFDU","PI19770","PI19770",NA,NA,"COLLIER","BAP",NA,NA,0.09722488012,0.01619725619,1.19784,16,NA,"Caudatum-bicolor","KwaZulu-Natal",NA,NA,NA,NA,NA
"1063","IFGY","PI213901","PI213901",NA,NA,"A-2791","BAP",NA,NA,0.1833710492,0.03078897617,1.785154,12,NA,NA,"Zimbabwe",NA,NA,NA,NA,NA
"1064","INWB","PI217680","PI217680",NA,NA,"AGYIN AD 11","Gates",NA,NA,0.0623335665,0.00989669982,1.12934,16,NA,"Kafir","Sudan",NA,NA,NA,NA,NA
"1065","IFGK","PI217691","PI217691",NA,NA,"NAGAD EL MUR","BAP",NA,NA,0.1033952579,0.01653215137,1.123039,5,NA,"Caudatum","Sudan",NA,NA,NA,NA,NA
"1066","INWC","PI221543","PI221543",NA,NA,"YAR BAURA","Gates",NA,NA,0.1233090853,0.02848680592,1.288667,3,NA,NA,"Nigeria",NA,NA,NA,NA,NA
"1067","INWE","PI221638","PI221638",NA,NA,"FARIN KWANO","Gates",NA,NA,0.1201339385,0.02228560526,1.225515,2,NA,NA,"Nigeria",NA,NA,NA,NA,NA
"1068","INWF","PI226096","PI226096","IS3121",NA,"K.50188;S.Verticilliflotrum;susu;K.50188","Gates",NA,NA,0.1248159073,0.03737629474,1.442452,3,"Landrace","Weedy","United States,Kenya",NA,NA,NA,NA,NA
"1069","ISMP","PI22913","PI22913",NA,NA,"CHINESE AMBER","BAP",NA,NA,0.1222598171,0.02014629251,1.237573,15,NA,NA,"China",NA,NA,NA,NA,NA
"1070","INWI","PI229875","PI229875",NA,NA,"RUSTENBURG RED","Gates",NA,NA,0.08189344124,0.01411773703,1.163103,16,NA,"Kafir","Transvaal",NA,NA,NA,NA,NA
"1071","IFLX","PI239439","PI239439",NA,NA,"BIRDPROOF","BAP",NA,NA,0.0859942889,0.0124757219,1.149981,16,NA,"Kafir-durra","Transvaal",NA,NA,NA,NA,NA
"1072","ISJU","PI24969","PI24969",NA,NA,"DWARF YELLOW MILO","Gates","keep",NA,0.1145531674,0.02302408746,1.180229,8,NA,NA,"China",NA,NA,NA,NA,NA
"1073","INLE","PI250583_MN_4125","PI250583",NA,NA,"MN 4125","BAP",NA,NA,0.1305257364,0.01844736658,1.149903,19,NA,"Durra","Egypt",NA,NA,NA,NA,NA
"1074","IDYG","PI251672","PI251672",NA,NA,"MN 4135","BAP",NA,NA,0.1081347122,0.01198715472,1.04197,9,NA,"Bicolor","Former Serbia and Montenegro",NA,NA,NA,NA,NA
"1075","INWK","PI253646","PI253646","IS2179",NA,"IS2179","Gates",NA,NA,0.0826770231,0.01834284052,1.115876,16,"Landrace",NA,"India",NA,NA,NA,NA,NA
"1076","ISNB","PI255239","PI255239",NA,NA,"CAXA","BAP",NA,NA,0.1051838223,0.01653157157,1.111515,8,NA,"Kafir-bicolor","Sonora",NA,NA,NA,NA,NA
"1077","IDWK","PI255744","PI255744",NA,NA,"MN 4466","BAP",NA,NA,0.1531379948,0.01148440979,0.974717,5,NA,NA,"Turkey",NA,NA,NA,NA,NA
"1078","INLI","PI266927_Co.1","PI266927",NA,NA,"CHOLAM","BAP",NA,NA,0.1173306305,0.02102922483,1.161313,2,NA,NA,"India",NA,NA,NA,NA,NA
"1079","INWL","PI267364","PI267364","IS2678",NA,"IS2678","Gates",NA,NA,0.1113775215,0.02797571183,1.292874,4,"Breeding","Kafir","Uganda,India",NA,NA,NA,NA,NA
"1080","INWM","PI267413","PI267413","IS2730",NA,"IS2730","Gates",NA,NA,0.1006514874,0.01733048275,1.095752,1,"Breeding","Caudatum","Uganda,India",NA,NA,NA,NA,NA
"1081","ISIB","SC0602","PI267450","IS2771",NA,"SC 602","BAP",NA,NA,0.08952380424,0.0155991942,1.246383,8,"Breeding","Guinea-kafir","Uganda,India",NA,NA,NA,NA,NA
"1082","INWN","PI267465","PI267465",NA,NA,"Feterita Wad Umm Benein 18/56","Gates",NA,NA,0.1005651623,0.01669628916,1.138152,5,NA,"Durra-caudatum","India",NA,NA,NA,NA,NA
"1083","INWP","PI267472","PI267472",NA,NA,"Wad Yabgo 132/53","Gates",NA,NA,0.1003856347,0.01560243327,1.097848,5,NA,NA,"India",NA,NA,NA,NA,NA
"1084","INWQ","PI267492","PI267492","IS2834",NA,"IS2834","Gates",NA,NA,0.1043489389,0.01564617948,1.020972,5,"Landrace","Guinea-caudatum","Zimbabwe",NA,NA,NA,NA,NA
"1085","INWR","PI267505","PI267505",NA,NA,"Swazi Red DL/59/125","Gates",NA,NA,0.09578854909,0.01502297217,1.126755,5,NA,"Caudatum","South Africa",NA,NA,NA,NA,NA
"1086","JHHU","IS2857","PI267514","IS2857",NA,"Settlers DL/59/1534","Gates",NA,NA,0.08006025846,0.01433955726,1.170917,16,"Breeding","Caudatum","South Africa,India",NA,NA,NA,NA,NA
"1087","INWS","PI267526","PI267526","IS2873",NA,"IS2873","Gates",NA,NA,0.1101769,0.01887326182,1.079529,19,"Landrace","Caudatum","Egypt,India",NA,NA,NA,NA,NA
"1088","INWT","PI267540","PI267540",NA,NA,"Barugan Doki","Gates",NA,NA,0.122127071,0.02357645534,1.203184,2,NA,NA,"Nigeria",NA,NA,NA,NA,NA
"1089","SRR8474623","SRR8474623","PI267614",NA,NA,"Chabeady","TERRA_new",NA,NA,0.3228575766,0.01498035129,1.043039,20,NA,"Guinea,Kafir-caudatum","Ethiopia",NA,NA,NA,NA,NA
"1090","SRR8474811","SRR8474811","PI267643",NA,NA,"Cullubi","TERRA_new",NA,NA,0.467055606,0.01649905111,0.827566,11,NA,"Durra,Kafir-caudatum","Ethiopia",NA,NA,NA,NA,NA
"1091","SRR8474741","SRR8474741","PI267653","IS2757",NA,"Sorghum soroti","TERRA_new",NA,NA,0.192249647,0.02496681263,1.055884,1,"Breeding","Durra","Uganda,Ethiopia",NA,NA,NA,NA,NA
"1092","INWW","PI287583","PI287583",NA,NA,"Feterita Wad Umm Benein","Gates",NA,NA,0.09992469772,0.01672704846,1.132346,5,NA,"Caudatum","Zimbabwe",NA,NA,NA,NA,NA
"1093","INWX","PI299410","PI299410","IS602",NA,"IS602","Gates",NA,NA,0.2986452661,0.01101725497,0.950776,16,"Landrace",NA,"United States,South Africa",NA,NA,NA,NA,NA
"1094","ISGE","PI300654","PI300654",NA,NA,"SK 5912","Gates",NA,NA,0.1099524491,0.02109916491,1.260624,20,NA,NA,"Nigeria",NA,NA,NA,NA,NA
"1095","IFGZ","PI302221","PI302221",NA,NA,"A-6129","BAP",NA,NA,0.1325972631,0.04423889468,1.491488,3,NA,NA,"Soviet Union",NA,NA,NA,NA,NA
"1096","INWY","PI302231","PI302231","IS14206",NA,"IS14206","Gates",NA,NA,0.1308003519,0.04013355967,1.443153,3,"Landrace",NA,"Australia",NA,NA,NA,NA,NA
"1097","INXF","PI329362","PI329362",NA,NA,"Mashila","Gates",NA,NA,0.1068712256,0.0200901923,1.221843,1,NA,NA,"Ethiopia",NA,NA,NA,1500,NA
"1098","SRR8474732","SRR8474732","PI329836","IS11569",NA,"Col. No. R 251; PI 329836; P 271; EC 596701","TERRA_new",NA,NA,0.2732466708,0.0146695504,1.022129,19,"Landrace","Caudatum","Ethiopia",NA,NA,NA,1500,NA
"1099","SRR8474731","SRR8474731","PI329915",NA,NA,"Mashila","TERRA_new",NA,NA,0.4605748125,0.01915297079,0.821757,11,NA,"Durra","Ethiopia",NA,NA,NA,1920,NA
"1100","INXJ","PI330826","PI330826",NA,NA,"Boba","Gates",NA,NA,0.09860184006,0.01558229391,1.029331,5,NA,NA,"Ethiopia",NA,NA,NA,NA,NA
"1101","ISGM","PI34911","PI34911",NA,NA,"F.C.I. 4201","Gates","keep",NA,0.09481052069,0.01864352093,1.144355,5,NA,"Caudatum","Texas",NA,NA,NA,NA,NA
"1102","SRR8474629","SRR8474629","PI383856",NA,NA,"AF-28","TERRA_new",NA,NA,0.2741515183,0.01554712887,1.068572,1,NA,"Caudatum","Brazil",NA,NA,NA,NA,NA
"1103","INMM","PI452542_ETS_2029","PI452542",NA,NA,"ETS 2029","BAP",NA,NA,0.1355144327,0.02036456405,1.115603,18,NA,"Durra","Ethiopia",NA,NA,NA,NA,NA
"1104","INMP","PI452619_ETS_2069","PI452619",NA,NA,"ETS 2069","BAP",NA,NA,0.1022411683,0.02186269368,1.189844,18,NA,"Guinea-durra","Ethiopia",NA,NA,NA,NA,NA
"1105","INMQ","PI452692_ETS_2110","PI452692",NA,NA,"ETS 2110","BAP",NA,NA,0.134195901,0.02221840512,1.194177,18,NA,"Durra","Ethiopia",NA,NA,NA,NA,NA
"1106","IFEC","PI453696","PI453696",NA,NA,"ETS 2612","BAP",NA,NA,0.1213453749,0.03072596413,1.047858,18,NA,"Durra","Ethiopia",NA,NA,NA,NA,NA
"1107","INMR","PI455217_ETS_3455","PI455217",NA,NA,"ETS 3455","BAP",NA,NA,0.1341360862,0.02300199845,1.198454,18,NA,"Durra","Ethiopia",NA,NA,NA,NA,NA
"1108","ISNC","PI455221","PI455221",NA,NA,"ETS 3456","BAP",NA,NA,0.1223325543,0.02774853506,1.044885,18,NA,"Mixed","Ethiopia",NA,NA,NA,NA,NA
"1109","IFLH","PI455307","PI455307",NA,NA,"ETS 3496","BAP",NA,NA,0.1292025737,0.04435488712,1.093848,18,NA,"Durra-bicolor","Ethiopia",NA,NA,NA,NA,NA
"1110","INXM","PI475052","PI475052","IS28389",NA,"IS28389","Gates",NA,NA,0.1370779914,0.02565252113,1.5918,3,"Landrace","Guinea-kafir","Yemen",NA,NA,NA,210,NA
"1111","SAMEA12302697","PI48770","PI48770",NA,NA,"WHITE KAFIR","SAP",NA,NA,0.0706104393,0.01320088764,1.111906,16,NA,"Kafir","Cape Province",NA,NA,NA,NA,NA
"1112","JBPR","PI508366","PI508366",NA,NA,"MA 38","Gates",NA,NA,0.1191405751,0.02165792254,1.321988,4,"Cultivar","Guinea","Mali",NA,NA,NA,NA,NA
"1113","JHGM","PI511006","PI511006",NA,NA,"Kanye","Gates","keep",NA,0.08221192649,0.0148999352,1.135275,16,"Cultivar","Durra","Botswana",NA,NA,NA,NA,NA
"1114","IPCH","PI514460","PI514460",NA,NA,"Kinto","Gates",NA,NA,0.2729300989,0.02757134645,1.934612,10,"Cultivar","Guinea","Senegal",NA,NA,NA,NA,NA
"1115","IXQB","PI514517","PI514517",NA,NA,"Bayeri Boderi","Gates",NA,NA,0.1701038717,0.03698173238,2.417459,10,"Cultivar","Guinea","Senegal",NA,NA,NA,NA,NA
"1116","IZLH","PI514587","PI514587",NA,NA,"Bassi Wende","Gates",NA,NA,0.1013310798,0.02304510061,1.177419,17,"Cultivar",NA,"Senegal",NA,NA,NA,NA,NA
"1117","IXQC","PI514600","PI514600",NA,NA,"Bassi Wende","Gates",NA,NA,0.1080095365,0.026498275,1.159536,17,"Cultivar",NA,"Senegal",NA,NA,NA,NA,NA
"1118","IPCJ","PI515666","PI515666",NA,NA,"Tchati","Gates",NA,NA,0.1088007443,0.03170650062,1.176966,4,"Cultivar",NA,"Togo",NA,NA,NA,NA,NA
"1119","INMX","PI521019_Andiwo","PI521019",NA,NA,"Andiwo","BAP",NA,NA,0.1059260302,0.01792634162,1.118481,5,"Cultivar","Durra-caudatum","Kenya",NA,NA,NA,NA,NA
"1120","IFGN","PI521152","PI521152",NA,NA,"Rachar","BAP",NA,NA,0.09648516797,0.01455757303,1.025589,5,"Cultivar","Caudatum","Kenya",NA,NA,NA,NA,NA
"1121","IDWL","PI521280","PI521280",NA,NA,"Muya","BAP",NA,NA,0.1295694487,0.0166214601,0.99448,1,"Cultivar","Durra-bicolor","Kenya",NA,NA,NA,NA,NA
"1122","IDWM","PI521281;3882-JG-0006","PI521281",NA,NA,"Mwee","BAP",NA,NA,0.1696156478,0.01091366236,0.997904,1,"Cultivar","Bicolor","Kenya",NA,NA,NA,NA,NA
"1123","INMY","PI521290_Bishehe","PI521290",NA,NA,"Bishehe","BAP",NA,NA,0.09186132234,0.01664027171,1.133285,16,"Cultivar","Guinea-bicolor","Kenya",NA,NA,NA,NA,NA
"1124","IPCK","PI521703","PI521703",NA,NA,"Tengaramanga","Gates",NA,NA,0.1051078683,0.01721189516,1.171543,7,"Cultivar","Guinea-bicolor","Malawi",NA,NA,NA,NA,NA
"1125","SRR8474631","SRR8474631","PI522160",NA,NA,"Bachara","TERRA_new",NA,NA,0.4859341136,0.02422189529,1.463127,10,"Wild","Guinea","Gambia",NA,NA,NA,NA,NA
"1126","INMZ","PI524475_Nvarkan","PI524475",NA,NA,"Nvarkan","BAP",NA,NA,0.1057733181,0.01756904573,1.10733,19,"Cultivar","Caudatum-bicolor","Sudan",NA,NA,NA,NA,NA
"1127","ISHM","PI525546","PI525546",NA,NA,"Keninke","Gates",NA,NA,0.1070497271,0.02147382517,1.171286,17,"Cultivar",NA,"Mali",NA,NA,NA,NA,NA
"1128","IPCM","PI525747","PI525747",NA,NA,"Sonikoura","Gates",NA,NA,0.1055435151,0.02295354008,1.180761,17,"Cultivar","Guinea-caudatum","Mali",NA,NA,NA,NA,NA
"1129","IPCN","PI525828","PI525828",NA,NA,"Kende Ble","Gates",NA,NA,0.1692118079,0.03530964301,2.418844,10,"Cultivar","Guinea","Mali",NA,NA,NA,NA,NA
"1130","ISHW","PI525840","PI525840",NA,NA,"Gadiaba Die","Gates",NA,NA,0.116071054,0.02188560929,1.139723,8,"Cultivar",NA,"Mali",NA,NA,NA,NA,NA
"1131","IPCP","PI526034","PI526034",NA,NA,"Nemaka","Gates",NA,NA,0.08494457705,0.01480148364,1.046374,9,"Cultivar","Guinea","Mali",NA,NA,NA,NA,NA
"1132","ISIE","PI526125","PI526125",NA,NA,"Heme Diguine","Gates",NA,NA,0.1068071681,0.02132788065,1.195252,17,"Cultivar",NA,"Mali",NA,NA,NA,NA,NA
"1133","SAMEA12302481","PI533750","PI533750",NA,NA,"K.3 Perimanjial Irungu Cholam","SAP",NA,NA,0.1393143763,0.01554624437,1.068676,18,"Breeding",NA,NA,NA,NA,NA,NA,NA
"1134","SAMEA12302509","PI533754","PI533754",NA,NA,"SAP-219","SAP",NA,NA,0.1193393754,0.01632679781,1.186833,9,"Breeding",NA,NA,NA,NA,NA,NA,NA
"1135","SAMEA12302673","PI533755","PI533755",NA,NA,"Feterita Gondal","SAP","keep",NA,0.1127044555,0.01704472596,1.013909,19,"Breeding",NA,NA,NA,NA,NA,NA,NA
"1136","SAMEA12302666","PI533757","PI533757",NA,NA,"Monshal","SAP",NA,NA,0.09173889201,0.01505030104,1.011462,9,"Breeding",NA,NA,NA,NA,NA,NA,NA
"1137","SAMEA12302663","PI533758","PI533758","IS18684",NA,"IS18684","SAP",NA,NA,0.09186706257,0.01569819567,0.984571,9,"Breeding",NA,"United States",NA,NA,NA,NA,NA
"1138","SAMEA12302643","PI533759","PI533759",NA,NA,"Mugbash 56/56","SAP","keep",NA,0.0812642353,0.01236968746,1.066249,9,"Breeding",NA,NA,NA,NA,NA,NA,NA
"1139","SAMEA12302561","PI533760","PI533760",NA,NA,"Zera Zera White","SAP",NA,NA,0.1130339221,0.01253533981,1.046229,9,"Breeding",NA,NA,NA,NA,NA,NA,NA
"1140","SAMEA12302632","PI533761","PI533761",NA,NA,"SAP-230","SAP",NA,NA,0.08732041876,0.01358386276,1.026166,9,"Breeding",NA,NA,NA,NA,NA,NA,NA
"1141","SAMEA12302650","PI533762","PI533762",NA,NA,"Tambroro 7","SAP",NA,NA,0.08957674184,0.01700505092,1.004878,9,"Breeding",NA,NA,NA,NA,NA,NA,NA
"1142","ISIM","PI533766","PI533766",NA,NA,"No. 4 Hadoui","Gates","keep",NA,0.09855353346,0.01760641607,1.196218,17,"Breeding",NA,NA,NA,NA,NA,NA,NA
"1143","IZPZ","PI533766","PI533766",NA,NA,"No. 4 Hadoui","GatesRef","keep",NA,0.1006812146,0.01577675325,1.185821,17,"Breeding",NA,NA,NA,NA,NA,NA,NA
"1144","SAMEA12302564","PI533776","PI533776",NA,NA,"KA 3","SAP",NA,NA,0.1088227901,0.01697446787,1.163228,20,"Breeding",NA,NA,NA,NA,NA,NA,NA
"1145","SAMEA12302515","PI533788","PI533788",NA,NA,"SAP-263","SAP",NA,NA,0.1432284033,0.01714569946,1.07022,2,"Breeding",NA,NA,NA,NA,NA,NA,NA
"1146","SAMEA12302655","PI533789","PI533789",NA,NA,"Kodilib","SAP",NA,NA,0.09237971705,0.01405457197,1.056588,9,"Breeding","Guinea-caudatum",NA,NA,NA,NA,NA,NA
"1147","ISIW","PI533797","PI533797","IS12645C",NA,"IS12645C","Gates","keep",NA,0.1060448833,0.02129666572,1.421295,11,"Breeding",NA,NA,NA,NA,NA,NA,NA
"1148","SAMEA12302544","PI533799","PI533799",NA,NA,"SAP-404","SAP","keep",NA,0.09143288551,0.01336961935,1.082996,14,"Breeding",NA,NA,NA,NA,NA,NA,NA
"1149","SAMEA12302656","PI533807","PI533807",NA,NA,"SAP-206","SAP",NA,NA,0.1064491945,0.01765073399,1.057767,9,"Breeding",NA,NA,NA,NA,NA,NA,NA
"1150","ISJE","PI533808","PI533808",NA,NA,"Kaura","Gates",NA,NA,0.08514190757,0.01583823101,1.189504,9,"Breeding",NA,"Nigeria",NA,NA,NA,NA,NA
"1151","SAMEA12302441","PI533810","PI533810",NA,NA,"Karad 2-7-11","SAP",NA,NA,0.1125181063,0.02013003279,1.219265,2,"Breeding",NA,"India",NA,NA,NA,NA,NA
"1152","SAMEA12302474","PI533814","PI533814",NA,NA,"N.9 Cherukupatcha Jonna","SAP",NA,NA,0.1165787447,0.02129879578,1.197502,2,"Breeding",NA,"India",NA,NA,NA,NA,NA
"1153","SAMEA12302783","PI533821","PI533821",NA,NA,"AS4660 Kikuma","SAP",NA,NA,0.1425176696,0.01407702341,1.051318,1,"Breeding",NA,"Tanzania",NA,NA,NA,NA,NA
"1154","SAMEA12302630","PI533822","PI533822",NA,NA,"AS4616 Balangira-Mwanza","SAP",NA,NA,0.09937591034,0.01735193794,1.14322,9,"Breeding",NA,"Tanzania",NA,NA,NA,NA,NA
"1155","SAMEA12302833","PI533824","PI533824",NA,NA,"Bonkum","SAP",NA,NA,0.2667558388,0.01359194904,1.035972,11,"Breeding","Durra-caudatum","Nigeria",NA,NA,NA,NA,NA
"1156","SAMEA12302838","PI533830","PI533830",NA,NA,"Culum Brick","SAP",NA,NA,0.1124732938,0.02541559485,0.941857,9,"Breeding",NA,"Sudan",NA,NA,NA,NA,NA
"1157","SAMEA12302644","PI533831","PI533831",NA,NA,"Deburr","SAP",NA,NA,0.0969914167,0.01617967941,1.075597,9,"Breeding",NA,"Sudan",NA,NA,NA,NA,NA
"1158","SAMEA12302637","PI533833","PI533833",NA,NA,"Sorghum Soroti","SAP",NA,NA,0.083974951,0.01330330202,1.054418,9,"Breeding","Caudatum","Uganda",NA,NA,NA,NA,NA
"1159","SAMEA12302819","PI533838","PI533838",NA,NA,"BA45 Faria Bonkum","SAP",NA,NA,0.1049496379,0.0200194865,1.161667,9,"Breeding",NA,"Nigeria",NA,NA,NA,NA,NA
"1160","SAMEA12302590","PI533841","PI533841",NA,NA,"ZA41 Danye","SAP",NA,NA,0.1062399121,0.01826266958,1.249476,9,"Breeding",NA,"Nigeria",NA,NA,NA,NA,NA
"1161","SAMEA12302448","PI533842","PI533842",NA,NA,"Nandyal","SAP",NA,NA,0.1088187137,0.01811176451,1.151447,2,"Breeding",NA,"India",NA,NA,NA,NA,NA
"1162","SAMEA12302794","PI533843","PI533843",NA,NA,"SV 34","SAP",NA,NA,0.1534082844,0.01833021015,1.225047,9,"Breeding",NA,"India",NA,NA,NA,NA,NA
"1163","SAMEA12302775","PI533845","PI533845",NA,NA,"EC 18246 (preconverted)","SAP",NA,NA,0.1926397047,0.01388662865,1.146133,7,"Breeding",NA,"Nepal",NA,NA,NA,NA,NA
"1164","SAMEA12302486","PI533852","PI533852",NA,NA,"Cholia Talijhari","SAP",NA,NA,0.1085907964,0.01662353089,1.145787,2,"Breeding",NA,"India",NA,NA,NA,NA,NA
"1165","SAMEA12302769","PI533855","PI533855",NA,NA,"Chanan Singoo","SAP",NA,NA,0.08830682178,0.02152501528,1.104995,7,"Breeding",NA,"India",NA,NA,NA,NA,NA
"1166","SAMEA12302594","PI533866","PI533866",NA,NA,"255 Tirter","SAP",NA,NA,0.1704458724,0.01331413616,1.260776,20,"Breeding",NA,NA,NA,NA,NA,NA,NA
"1167","IWNY","PI533869","PI533869",NA,NA,"Msumbji SB 117","BAP","keep",NA,0.09892276559,0.016170966,1.229096,7,"Breeding",NA,"Tanzania",NA,NA,NA,NA,NA
"1168","SAMEA12302580","PI533871","PI533871",NA,NA,"M 1","SAP",NA,NA,0.1348311522,0.01414359725,1.231173,4,"Breeding",NA,"Nigeria",NA,NA,NA,NA,NA
"1169","SAMEA12302577","PI533878","PI533878",NA,NA,"KA 21 Gajerar Kaura","SAP",NA,NA,0.1220073583,0.01807446237,1.215945,20,"Breeding",NA,"Nigeria",NA,NA,NA,NA,NA
"1170","SAMEA12302659","PI533901","PI533901",NA,NA,"A-96","SAP","keep",NA,0.1072762301,0.01636030315,1.007442,5,"Breeding",NA,"Japan",NA,NA,NA,NA,NA
"1171","INNB","PI533902_Orange_No_l_Baijo","PI533902",NA,NA,"Orange No. l, Baijo","BAP","unresolved",NA,0.1512445258,0.02143489089,1.524673,11,"Breeding",NA,"Ethiopia",NA,NA,NA,NA,NA
"1172","SAMEA12302772","PI533902","PI533902",NA,NA,"Orange No. l, Baijo","SAP","unresolved",NA,0.1443294444,0.02606964588,1.217556,16,"Breeding",NA,"Ethiopia",NA,NA,NA,NA,NA
"1173","SAMEA12302825","PI533903","PI533903",NA,NA,"No. 35 Mab","SAP","keep",NA,0.2086855378,0.0171822474,1.426959,11,"Breeding",NA,"Ethiopia",NA,NA,NA,NA,NA
"1174","SAMEA12302649","PI533910","PI533910","IS12568C",NA,"Klor","SAP","keep",NA,0.09287060306,0.01656365339,1.092094,9,"Breeding",NA,"Sudan",NA,NA,NA,NA,NA
"1175","SAMEA12302808","PI533913","PI533913",NA,NA,"Nyan Dok","SAP",NA,NA,0.1128791302,0.01844670494,1.316976,1,"Breeding",NA,"Sudan",NA,NA,NA,NA,NA
"1176","SAMEA12302791","PI533915","PI533915",NA,NA,"No. 755 Muzeba","SAP",NA,NA,0.2092358503,0.01070910955,0.970268,1,"Breeding",NA,"Kenya",NA,NA,NA,NA,NA
"1177","SAMEA12302497","PI533919","PI533919",NA,NA,"R1,4","SAP","keep",NA,0.1225515979,0.02295575823,1.370221,11,"Breeding",NA,"Ethiopia",NA,NA,NA,NA,NA
"1178","SAMEA12302513","PI533921","PI533921",NA,NA,"R1,38","SAP",NA,NA,0.1440336982,0.01706412152,1.104009,8,"Breeding","Durra-caudatum","Ethiopia",NA,NA,NA,NA,NA
"1179","SAMEA12302798","PI533924","PI533924",NA,NA,"R3,121","SAP","keep",NA,0.116087415,0.02014600193,1.556087,11,"Breeding",NA,"Ethiopia",NA,NA,NA,NA,NA
"1180","SAMEA12302790","PI533927","PI533927",NA,NA,"J.A.T.S. #67","SAP",NA,NA,0.2129418983,0.01511252166,1.167757,7,"Breeding",NA,"Ethiopia",NA,NA,NA,NA,NA
"1181","SAMEA12302727","PI533936","PI533936",NA,NA,"1903 AS 4633","SAP",NA,NA,0.1386978986,0.0102324894,1.086709,16,"Breeding",NA,"Tanzania",NA,NA,NA,NA,NA
"1182","SAMEA12302712","PI533937","PI533937",NA,NA,"AS 4136 Masaka Luwemba","SAP",NA,NA,0.2009527104,0.008567431406,0.97379,16,"Breeding",NA,"Rhodesia",NA,NA,NA,NA,NA
"1183","SAMEA12302797","PI533939","PI533939",NA,NA,"AS 4055 N Kambwa","SAP",NA,NA,0.09304913228,0.02127888436,1.014364,9,"Breeding",NA,"Ethiopia",NA,NA,NA,NA,NA
"1184","SAMEA12302741","PI533940","PI533940",NA,NA,"AS 4601 Pawaga","SAP","keep",NA,0.1439289044,0.01033667197,1.024228,16,"Breeding",NA,"Tanzania",NA,NA,NA,NA,NA
"1185","SAMEA12302504","PI533943","PI533943",NA,NA,"AS 2613 NT","SAP",NA,NA,0.1193995506,0.01533067266,1.186679,2,"Breeding",NA,"India",NA,NA,NA,NA,NA
"1186","SAMEA12302698","PI533948","PI533948",NA,NA,"Nebraska 6350","SAP",NA,NA,0.4314015639,0.006121170111,0.619595,16,"Breeding",NA,"United States",NA,NA,NA,NA,NA
"1187","SAMEA12302611","PI533949","PI533949",NA,NA,"Maja Abiad Q2/2/68","SAP",NA,NA,0.08315543037,0.01297700758,1.018176,9,"Breeding",NA,"Sudan",NA,NA,NA,NA,NA
"1188","ISJW","PI533954","PI533954",NA,NA,"P 3742","Gates",NA,NA,0.09333636521,0.01996501536,1.223335,16,"Breeding",NA,"South Africa",NA,NA,NA,NA,NA
"1189","SAMEA12302699","PI533955","PI533955",NA,NA,"P 3749 Q2/5/62","SAP",NA,NA,0.1637362188,0.009665554479,1.026389,16,"Breeding",NA,"South Africa",NA,NA,NA,NA,NA
"1190","SAMEA12302793","PI533957","PI533957",NA,NA,"MN 707 (preconverted)","SAP",NA,NA,0.1500063295,0.0187882982,1.183768,1,"Breeding",NA,NA,NA,NA,NA,NA,NA
"1191","ISGN","PI533960","PI533960",NA,NA,"Feterita Harig 2","Gates",NA,NA,0.09660637816,0.01535274069,1.040426,19,"Breeding",NA,"Sudan",NA,NA,NA,NA,NA
"1192","SAMEA12302615","PI533961","PI533961",NA,NA,"Wit Lichtenburg DL/59/1530","SAP",NA,NA,0.0903245513,0.01496767081,1.009904,5,"Breeding",NA,"South Africa",NA,NA,NA,NA,NA
"1193","SAMEA12302636","PI533962","PI533962",NA,NA,"Malwal Aweil","SAP",NA,NA,0.1047158972,0.01336386091,0.998072,9,"Breeding",NA,"Sudan",NA,NA,NA,NA,NA
"1194","SAMEA12302689","PI533967","PI533967",NA,NA,"SB-283","SAP",NA,NA,0.08873753252,0.01575903862,1.011613,14,"Breeding",NA,"Uganda",NA,NA,NA,NA,NA
"1195","SAMEA12302646","PI533970","PI533970",NA,NA,"2033Z-3","SAP",NA,NA,0.09339459934,0.01539690345,1.120499,9,"Breeding",NA,"Uganda",NA,NA,NA,NA,NA
"1196","SAMEA12302635","PI533972","PI533972",NA,NA,"Dobbs","SAP","keep",NA,0.1042400966,0.01392508128,1.006176,9,"Breeding","Caudatum","Uganda",NA,NA,NA,NA,NA
"1197","SAMEA12302618","PI533976","PI533976",NA,NA,"Framiola DL/59/1539","SAP",NA,NA,0.08784768724,0.01493149648,1.069766,9,"Breeding",NA,"South Africa",NA,NA,NA,NA,NA
"1198","SAMEA12302728","PI533979","PI533979",NA,NA,"Bulfontein White Kafir Corn DL/60/133","SAP",NA,NA,0.136542071,0.01068597907,1.04756,16,"Breeding",NA,"South Africa",NA,NA,NA,NA,NA
"1199","SAMEA12302638","PI533980","PI533980",NA,NA,"SAP-275","SAP",NA,NA,0.09656420001,0.01606097555,1.074901,9,"Breeding","Caudatum","China",NA,NA,NA,NA,NA
"1200","SAMEA12302645","PI533985","PI533985",NA,NA,"Barking 119","SAP",NA,NA,0.09603282741,0.01529011339,1.104404,9,"Breeding",NA,NA,NA,NA,NA,NA,NA
"1201","SAMEA12302639","PI533987","PI533987",NA,NA,"Kireniga 317","SAP",NA,NA,0.09582798192,0.01281327363,0.987959,9,"Breeding",NA,NA,NA,NA,NA,NA,NA
"1202","SAMEA12302685","PI533989","PI533989",NA,NA,"Nyithin","SAP",NA,NA,0.08875378262,0.0133103795,1.015878,9,"Breeding",NA,NA,NA,NA,NA,NA,NA
"1203","SAMEA12302693","PI533996","PI533996",NA,NA,"Hamaisi 38","SAP",NA,NA,0.08897155055,0.01166289982,1.000498,9,"Breeding",NA,NA,NA,NA,NA,NA,NA
"1204","SAMEA12302778","PI533997","PI533997",NA,NA,"MN 1592 (preconverted)","SAP",NA,NA,0.09805410644,0.01693217023,1.187274,9,"Breeding",NA,NA,NA,NA,NA,NA,NA
"1205","INNC","PI533998_Brawley","PI533998",NA,NA,"Brawley","BAP","keep",NA,0.09515016434,0.01466551542,1.190358,16,"Breeding",NA,NA,NA,NA,NA,NA,NA
"1206","ISGX","PI534019","PI534019",NA,NA,"Gunda Jesa","Gates",NA,NA,0.1034487779,0.02210209606,1.302678,7,"Breeding",NA,"India",NA,NA,NA,NA,NA
"1207","SAMEA12302462","PI534021","PI534021",NA,NA,"Jola Nandyal","SAP",NA,NA,0.1095937823,0.01767846926,1.141155,2,"Breeding",NA,"India",NA,NA,NA,NA,NA
"1208","SAMEA12302483","PI534028","PI534028",NA,NA,"Jonar Tamargundi","SAP",NA,NA,0.15098702,0.01769024599,1.098472,2,"Breeding",NA,"India",NA,NA,NA,NA,NA
"1209","SAMEA12302597","PI534037","PI534037",NA,NA,"6428 Sian","SAP","keep",NA,0.1102222117,0.01873375917,1.377876,1,"Breeding",NA,"Chad",NA,NA,NA,NA,NA
"1210","SAMEA12302817","PI534046","PI534046",NA,NA,"420 Kalatilansa","SAP",NA,NA,0.1750617039,0.01542703116,1.055506,1,"Breeding",NA,NA,NA,NA,NA,NA,NA
"1211","SAMEA12302660","PI534047","PI534047",NA,NA,"450 Bori Light Brown","SAP","keep",NA,0.09445645716,0.01389669608,1.097174,9,"Breeding",NA,NA,NA,NA,NA,NA,NA
"1212","ISHF","PI534050","PI534050",NA,NA,"78 SBI 140","Gates",NA,NA,0.08684087454,0.01631522738,1.101034,9,"Breeding",NA,"Burkina Faso",NA,NA,NA,NA,NA
"1213","SAMEA12302648","PI534053","PI534053",NA,NA,"T 28","SAP","keep",NA,0.1052993754,0.01666382036,1.004905,19,"Breeding",NA,"Uganda",NA,NA,NA,NA,NA
"1214","SAMEA12302748","PI534054","PI534054",NA,NA,"194 Kano","SAP","keep",NA,0.236750064,0.00829060547,0.892026,9,"Breeding",NA,"Kenya",NA,NA,NA,NA,NA
"1215","SAMEA12302574","PI534063","PI534063",NA,NA,"BO 36","SAP","keep",NA,0.1163502173,0.01584176307,1.30421,4,"Breeding",NA,"Nigeria",NA,NA,NA,NA,NA
"1216","ISHN","PI534087","PI534087",NA,NA,"NG 152","Gates",NA,NA,0.09435235671,0.03149752285,1.184037,4,"Breeding",NA,"Nigeria",NA,NA,NA,NA,NA
"1217","SAMEA12302583","PI534096","PI534096",NA,NA,"SO 85","SAP",NA,NA,0.4391999185,0.01549690914,1.120696,10,"Breeding",NA,"Mali",NA,NA,NA,NA,NA
"1218","SAMEA12302739","PI534097","PI534097",NA,NA,"HC 6028","SAP",NA,NA,0.4473005914,0.01067243093,0.637315,16,"Breeding",NA,"Japan",NA,NA,NA,NA,NA
"1219","SAMEA12302609","PI534099","PI534099",NA,NA,"A 84","SAP",NA,NA,0.09090736405,0.01566414509,1.128821,5,"Breeding",NA,"Japan",NA,NA,NA,NA,NA
"1220","SAMEA12302687","PI534101","PI534101",NA,NA,"A-106","SAP",NA,NA,0.08549630387,0.01635491794,1.101875,9,"Breeding",NA,"Japan",NA,NA,NA,NA,NA
"1221","SAMEA12302623","PI534105","PI534105",NA,NA,"EC 21361 G30","SAP","keep",NA,0.3920007931,0.006939941457,0.617754,9,"Breeding",NA,"Uganda",NA,NA,NA,NA,NA
"1222","SAMEA12302617","PI534108","PI534108",NA,NA,"EC 21428 SB 63","SAP",NA,NA,0.08928601486,0.01324623717,1.004377,9,"Breeding",NA,"Uganda",NA,NA,NA,NA,NA
"1223","SAMEA12302642","PI534112","PI534112",NA,NA,"EC 21463 STR 5/1","SAP",NA,NA,0.08308183352,0.01703188153,0.934687,9,"Breeding","Caudatum","India",NA,NA,NA,NA,NA
"1224","SAMEA12302647","PI534114","PI534114",NA,NA,"Accho Karuho","SAP",NA,NA,0.09047302061,0.01507307535,1.093695,9,"Breeding",NA,"Pakistan",NA,NA,NA,NA,NA
"1225","SAMEA12302598","PI534117","PI534117",NA,NA,"Mashica","SAP",NA,NA,0.1664500126,0.01440065189,1.335696,1,"Breeding",NA,"Uganda",NA,NA,NA,NA,NA
"1226","INND","PI534120","PI534120",NA,NA,"Sumac No. 2, Baijo, Shoa, Ethiopia","BAP","keep",NA,0.1148892061,0.02022261985,1.486071,11,"Breeding",NA,"Ethiopia",NA,NA,NA,NA,NA
"1227","SAMEA12302477","PI534128","PI534128",NA,NA,"No. 65 Amelsie, Kimbolcha Ethiopia","SAP",NA,NA,0.1540361315,0.01882531695,1.149506,18,"Breeding",NA,NA,NA,NA,NA,NA,NA
"1228","ISIF","PI534129","PI534129",NA,NA,"No. 53 Bahetio, Djib Wuku Ethiopia","Gates",NA,NA,0.1247017684,0.02355567254,1.196139,18,"Breeding",NA,"Ethiopia",NA,NA,NA,NA,NA
"1229","SAMEA12302492","PI534132","PI534132",NA,NA,"No. 59 Bekedjie, Kembolcha Ethiopia","SAP",NA,NA,0.1152606567,0.01963978982,1.07968,18,"Breeding","Durra","Ethiopia",NA,NA,NA,NA,NA
"1230","SAMEA12302831","PI534137","PI534137",NA,NA,"Budy","SAP",NA,NA,0.1286040654,0.01888769149,1.147377,19,"Breeding",NA,"Sudan",NA,NA,NA,NA,NA
"1231","SAMEA12302801","PI534139","PI534139",NA,NA,"Tuery 11","SAP",NA,NA,0.1846404701,0.01202508796,1.082383,1,"Breeding",NA,"Sudan",NA,NA,NA,NA,NA
"1232","SAMEA12302815","PI534144","PI534144",NA,NA,"Kabutuwa","SAP",NA,NA,0.1346365947,0.01710896675,1.099651,1,"Breeding",NA,"Uganda",NA,NA,NA,NA,NA
"1233","SAMEA12302567","PI534145","PI534145",NA,NA,"No. 902 Sorghum arundi","SAP",NA,NA,0.2157040819,0.01219089374,1.051082,4,"Breeding","Shattercane","Rhodesia",NA,NA,NA,NA,NA
"1234","ISIN","PI534147","PI534147",NA,NA,"R1, 3","Gates","keep",NA,0.1093766521,0.02017740853,1.325888,9,"Breeding","Durra-bicolor","Ethiopia",NA,NA,NA,NA,NA
"1235","ISJN","PI534163","PI534163",NA,NA,"Rexx","Gates","keep",NA,0.08658303598,0.01688705064,1.142547,9,"Breeding",NA,"United States",NA,NA,NA,NA,NA
"1236","INNE","PI534165_Kalati_Consa","PI534165",NA,NA,"Kalati Consa","BAP",NA,NA,0.09434578458,0.01515829084,1.096174,9,"Breeding",NA,"Sudan",NA,NA,NA,NA,NA
"1237","SAMEA12302500","PI534167","PI534167",NA,NA,"F.R. Miller","SAP",NA,NA,0.120177725,0.02045820925,1.168838,9,"Breeding",NA,NA,NA,NA,NA,NA,NA
"1238","IFMK","PI535783","PI535783",NA,NA,"N98","BAP",NA,NA,0.09984142291,0.02188613869,1.141139,16,"Breeding",NA,"Nebraska",NA,NA,NA,NA,NA
"1239","IDYI","PI535785","PI535785",NA,NA,"N100","BAP",NA,NA,0.0995715493,0.01223409712,1.085677,16,"Breeding",NA,"Nebraska",NA,NA,NA,NA,NA
"1240","IEBU","PI535792","PI535792",NA,NA,"N107","BAP",NA,NA,0.1022835683,0.03990276542,0.720618,9,"Breeding",NA,"Nebraska",NA,NA,NA,NA,NA
"1241","IFMJ","PI535793","PI535793",NA,NA,"N108","BAP",NA,NA,0.0954989036,0.01428236026,1.154274,16,"Breeding",NA,"Nebraska",NA,NA,NA,NA,NA
"1242","IDXC","PI535794","PI535794",NA,NA,"N109","BAP",NA,NA,0.1155232926,0.01265056951,1.17757,16,"Breeding",NA,"Nebraska",NA,NA,NA,NA,NA
"1243","INNH","PI535795_N110","PI535795",NA,NA,"N110","BAP",NA,NA,0.116826628,0.01870919615,1.293868,15,"Breeding",NA,"Nebraska",NA,NA,NA,NA,NA
"1244","IDYK","PI535796","PI535796",NA,NA,"N111","BAP",NA,NA,0.106421464,0.01221870562,1.169853,16,"Breeding",NA,"Nebraska",NA,NA,NA,NA,NA
"1245","IDWR","PI540518","PI540518",NA,NA,"SEGAOLANE","BAP",NA,NA,0.1205447942,0.008844774222,1.065465,16,"Cultivar",NA,"Botswana",NA,NA,NA,NA,NA
"1246","SAMEA12302841","PI540816","PI540816",NA,NA,"Tx2882","SAP",NA,NA,0.1641140474,0.01217974694,0.92924,8,"Breeding",NA,"Texas",NA,NA,NA,NA,NA
"1247","SAMEA12302675","PI542406","PI542406",NA,NA,"R LINE AR2002","SAP",NA,NA,0.1146706617,0.01899154828,1.120565,5,"Breeding",NA,"Arkansas",NA,NA,NA,NA,NA
"1248","IFGP","PI542718","PI542718",NA,NA,"SAN CHI SAN","BAP","keep",NA,0.1211982366,0.02013006569,1.223198,15,"Breeding",NA,"Shaanxi Sheng",NA,NA,NA,NA,NA
"1249","SAMEA12302620","PI548797","PI548797",NA,NA,"Tx2891","SAP",NA,NA,0.1013562591,0.01737869729,1.010156,5,"Breeding",NA,"Texas",NA,NA,NA,NA,NA
"1250","IDXE","PI550604;3882-JG-0008","PI550604",NA,NA,"ZERNOGRAPSKOE 100","BAP",NA,NA,0.1354107482,0.01090263804,1.021239,8,"Breeding","Caudatum","Soviet Union",NA,NA,NA,NA,NA
"1251","INNI","PI552851_7035S","PI552851",NA,NA,"7035S","BAP",NA,NA,0.1272908025,0.02068936372,1.193953,2,"Breeding",NA,"Nebraska",NA,NA,NA,NA,NA
"1252","SAMEA12302750","PI552861","PI552861",NA,NA,"A/BTx631","SAP",NA,NA,0.09095847144,0.006723387723,0.958858,9,"Breeding",NA,"Texas",NA,NA,NA,NA,NA
"1253","SAMEA12302832","PI561071","PI561071",NA,NA,"RTx436","SAP","keep",NA,0.1230072106,0.01503304831,1.011063,8,"Breeding",NA,"Texas",NA,NA,NA,NA,NA
"1254","INNJ","PI561072_BTxARG-1","PI561072",NA,NA,"A/BTxARG-1","BAP","unresolved",NA,0.09359769781,0.007015863762,0.930486,14,"Breeding",NA,"Texas",NA,NA,NA,NA,NA
"1255","SAMEA12302746","PI561072","PI561072",NA,NA,"A/BTxARG-1","SAP","unresolved",NA,0.09322050701,0.014501339,1.194888,16,"Breeding",NA,"Texas",NA,NA,NA,NA,NA
"1256","ISME","PI561840","PI561840",NA,NA,"IAP4R(S1)C3","BAP",NA,NA,0.06620896487,0.02969355173,0.937577,8,"Breeding",NA,"Iowa",NA,NA,NA,NA,NA
"1257","IDWQ","PI562717","PI562717",NA,NA,"PERENNIAL SWEET SUDAN","BAP",NA,NA,0.2604465865,0.06735885894,1.224028,12,"Cultivar","Bicolor","Texas,United States",NA,NA,NA,NA,NA
"1258","SAMEA12302511","PI562730","PI562730",NA,NA,"GRAIN GRASS 3A","SAP",NA,NA,0.1325658167,0.02498556144,1.535121,11,"Cultivar","Bicolor","Texas,United States",NA,NA,NA,NA,NA
"1259","INNK","PI562732_LGV88-1_DWARF","PI562732",NA,NA,"LGV 88-1 (DWARF)","BAP",NA,NA,0.1213833102,0.01896384437,1.138944,18,"Cultivar","Durra-caudatum","Mexico",NA,NA,NA,NA,NA
"1260","IFLJ","PI562897","PI562897",NA,NA,"FARAKO-BA","BAP",NA,NA,0.09251005059,0.04464953557,0.804128,17,"Cultivar","Guinea","Burkina Faso",NA,NA,NA,NA,NA
"1261","IXNE","PI562973","PI562973",NA,NA,"JAN DAWA","Gates",NA,NA,0.1200782001,0.02450355874,1.317401,4,"Cultivar","Guinea","Nigeria",NA,NA,NA,NA,NA
"1262","ISMR","PI562981","PI562981",NA,NA,"EKA OR OKA BABA","BAP",NA,NA,0.1227825933,0.02056672486,1.292129,4,"Cultivar","Guinea","Nigeria",NA,NA,NA,NA,NA
"1263","SRR8474664","SRR8474664","PI563006",NA,NA,"GAGAYA'","TERRA_new",NA,NA,0.3100277097,0.01462406629,0.908045,4,"Cultivar","Guinea","Nigeria",NA,NA,NA,NA,NA
"1264","IEBN","PI563021","PI563021",NA,NA,"TAPASOHIRA","BAP",NA,NA,0.1612751611,0.01659339468,1.217796,4,"Cultivar","Guinea","Nigeria",NA,NA,NA,NA,NA
"1265","IDYM","PI563032;3882-JG-00012","PI563032",NA,NA,"COLLIER 706C","BAP",NA,NA,0.1349296511,0.01687588272,1.239544,15,"Cultivar","Bicolor","Japan",NA,NA,NA,NA,NA
"1266","ISJX","PI563137","PI563137",NA,NA,"FRAMIDA","Gates",NA,NA,0.1007525375,0.0204468939,1.091996,5,"Cultivar","Caudatum","South Africa",NA,NA,NA,NA,NA
"1267","IQTN","PI563139","PI563139","IS8762",NA,"IS8762","Gates",NA,NA,0.1146082125,0.02029193382,1.233149,15,"Landrace,Cultivated",NA,"South Africa",NA,NA,NA,NA,NA
"1268","IEDF","RIO","PI563295","IS9606",NA,"RIO","JGI_Ref",NA,NA,0.2103442123,0.008549434939,0.889889,9,"Breeding","Durra-caudatum","United States,Maryland",NA,NA,NA,NA,NA
"1269","IPDD","PI563301","PI563301",NA,NA,"SHAMSHAN","Gates",NA,NA,0.134680409,0.01906489918,1.11137,18,"Cultivar","Durra","Sudan",NA,NA,NA,NA,NA
"1270","IPDE","PI563310","PI563310",NA,NA,"BOLICHINGAN","Gates",NA,NA,0.111778616,0.01758652082,1.081861,19,"Cultivar","Caudatum","Sudan",NA,NA,NA,NA,NA
"1271","ISLF","PI563355","PI563355",NA,NA,"BOLOUNGOU","BAP",NA,NA,0.1104040132,0.01890491929,1.190463,17,"Cultivar","Guinea-caudatum","Burkina Faso",NA,NA,NA,NA,NA
"1272","IPDF","PI563446","PI563446",NA,NA,"FEROZEPUR 13595","Gates",NA,NA,0.1172048725,0.01982760229,1.215583,17,"Cultivar",NA,"India",NA,NA,NA,NA,NA
"1273","JHGR","PI563493","PI563493","IS12447",NA,"IS12447","Gates","keep",NA,0.0844699134,0.01475270745,1.231504,8,"Landrace,Cultivated","Kafir-durra","Sudan",NA,NA,NA,NA,NA
"1274","SRR8474670","SRR8474670","PI563509","IS12685",NA,"PI 563509; SA 2386","TERRA_new",NA,NA,0.4365465218,0.01638643549,0.966242,11,"Landrace,Cultivated","Durra,Durra-bicolor","Ethiopia",NA,NA,NA,NA,NA
"1275","IPDH","PI563922","PI563922",NA,NA,"HONG MILIANG (RED)","Gates",NA,NA,0.1202792465,0.01956276114,1.23444,15,"Cultivar",NA,"China",NA,NA,NA,NA,NA
"1276","IQTP","PI563949","PI563949",NA,NA,"15","Gates",NA,NA,0.1172306065,0.0191859705,1.222669,15,"Cultivar",NA,"China",NA,NA,NA,NA,NA
"1277","ISGG","PI564163","PI564163",NA,NA,"BTx623","Gates","keep",NA,0.004476485542,0.0004179956282,0.94705,14,"Cultivar",NA,"United States",NA,NA,NA,NA,NA
"1278","IWNU","BTX623","PI564163",NA,NA,"BTx623","GatesRef","keep",NA,0.005636148977,0.0003688150826,0.946499,14,"Cultivar",NA,"United States",NA,NA,NA,NA,NA
"1279","SAMEA12302560","PI564164","PI564164",NA,NA,"RTX433","SAP",NA,NA,0.09878683049,0.01485386862,1.145191,8,"Breeding",NA,"Texas",NA,NA,NA,NA,NA
"1280","SAMEA12302553","PI564165","PI564165",NA,NA,"RTX434","SAP",NA,NA,0.09223227377,0.01618564323,1.168146,8,"Breeding",NA,"Texas",NA,NA,NA,NA,NA
"1281","ISGP","PI565121","PI565121",NA,NA,"MACIA","GatesRef","keep",NA,0.06975825209,0.01169805415,1.010681,14,"Cultivar","Caudatum","Zimbabwe",NA,NA,NA,NA,NA
"1282","IFDY","PI566819","PI566819",NA,NA,"DELLA","BAP","keep",NA,0.07491746352,0.01268317685,1.153238,16,"Cultivar",NA,"Virginia",NA,NA,NA,NA,NA
"1283","IZNA","B-35","PI568429",NA,NA,"SU 2790","Gates",NA,NA,0.1079032176,0.01921185301,1.195853,18,"Cultivar","Caudatum","Sudan",NA,NA,NA,NA,NA
"1284","JHGN","PI568989","PI568989",NA,NA,"HEGARI MACKWAR","Gates","keep",NA,0.1173382842,0.02314807208,1.196343,2,"Cultivar","Durra","Sudan",NA,NA,NA,NA,NA
"1285","IFIX","PI569416","PI569416",NA,NA,"DALA","BAP",NA,NA,0.1172991841,0.020172653,1.155223,19,"Cultivar","Caudatum","Sudan",NA,NA,NA,NA,NA
"1286","IFDQ","PI569425","PI569425",NA,NA,"AKEE (KEJ)","BAP",NA,NA,0.1177380476,0.02009518306,1.068452,19,"Cultivar","Caudatum","Sudan",NA,NA,NA,NA,NA
"1287","IFFY","PI569427","PI569427",NA,NA,"MABORE","BAP",NA,NA,0.12445627,0.02166715912,1.24056,19,"Cultivar","Caudatum","Sudan",NA,NA,NA,NA,NA
"1288","IFDT","PI569433","PI569433",NA,NA,"CHEKOO","BAP",NA,NA,0.1204480423,0.02234876942,1.184458,19,"Cultivar","Caudatum","Sudan",NA,NA,NA,NA,NA
"1289","IFDS","PI569443","PI569443",NA,NA,"BELL","BAP",NA,NA,0.1158068928,0.02198150081,1.135182,19,"Cultivar","Kafir-caudatum","Sudan",NA,NA,NA,NA,NA
"1290","IFGC","PI569457","PI569457",NA,NA,"MOBIOR","BAP",NA,NA,0.1196603841,0.02136207553,1.169562,19,"Cultivar","Caudatum","Sudan",NA,NA,NA,NA,NA
"1291","IFFS","PI569465","PI569465",NA,NA,"KECH","BAP",NA,NA,0.113152997,0.01792715009,1.124977,19,"Cultivar","Caudatum","Sudan",NA,NA,NA,NA,NA
"1292","IPDU","PI569951","PI569951","IS22506",NA,"IS22506","Gates",NA,NA,0.105178193,0.01600677566,1.025704,19,"Landrace,Cultivated","Caudatum","Sudan",NA,NA,NA,NA,NA
"1293","IFKC","PI570031","PI570031","IS22809",NA,"IS22809","BAP",NA,NA,0.102896746,0.01670806089,1.154654,1,"Landrace,Cultivated","Guinea-caudatum","Sudan",NA,NA,NA,NA,NA
"1294","IFKD","PI570038","PI570038","IS22816",NA,"IS22816","BAP",NA,NA,0.1173255281,0.01967087387,1.126863,19,"Landrace,Cultivated","Kafir-caudatum","Sudan",NA,NA,NA,NA,NA
"1295","IFKE","PI570039","PI570039","IS22817",NA,"IS22817","BAP",NA,NA,0.1115479257,0.0195132402,1.242538,1,"Landrace,Cultivated","Guinea-caudatum","Sudan",NA,NA,NA,NA,NA
"1296","IFKF","PI570042","PI570042","IS22820",NA,"IS22820","BAP",NA,NA,0.1105934127,0.01867544784,1.146372,19,"Landrace,Cultivated","Guinea-caudatum","Sudan",NA,NA,NA,NA,NA
"1297","IFKG","PI570053","PI570053","IS22831",NA,"IS22831","BAP",NA,NA,0.1102549892,0.01758663696,1.163604,14,"Landrace,Cultivated","Caudatum","Sudan",NA,NA,NA,NA,NA
"1298","IFKH","PI570071","PI570071","IS22849",NA,"IS22849","JGI_Ref",NA,NA,0.1210121092,0.02043122183,1.292809,1,"Landrace,Cultivated","Guinea-caudatum","Sudan",NA,NA,NA,NA,NA
"1299","ISLL","PI570073","PI570073","IS22851",NA,"IS22851","BAP",NA,NA,0.106320608,0.01996992422,1.107042,19,"Landrace,Cultivated","Guinea-caudatum","Sudan",NA,NA,NA,NA,NA
"1300","IDUY","PI570074","PI570074","IS22852",NA,"IS22852","BAP",NA,NA,0.1399555895,0.01353676997,1.072184,1,"Landrace,Cultivated","Guinea-caudatum","Sudan",NA,NA,NA,NA,NA
"1301","IDMK","IS_22853","PI570075","IS22853",NA,"IS22853","BAP","unresolved",NA,0.1001064437,0.01325408487,1.031698,5,"Landrace,Cultivated","Guinea-caudatum","Sudan",NA,NA,NA,NA,NA
"1302","IFLP","PI570075","PI570075","IS22853",NA,"IS22853","BAP","unresolved",NA,0.137627999,0.01740758821,1.224181,1,"Landrace,Cultivated","Guinea-caudatum","Sudan",NA,NA,NA,NA,NA
"1303","ISLS","PI570076","PI570076","IS22854",NA,"IS22854","BAP",NA,NA,0.1123304815,0.02116606034,1.145888,19,"Landrace,Cultivated","Guinea","Sudan",NA,NA,NA,NA,NA
"1304","ISLZ","PI570085","PI570085","IS22863",NA,"IS22863","BAP",NA,NA,0.1086111783,0.01871206485,1.191884,1,"Landrace,Cultivated","Guinea-caudatum","Sudan",NA,NA,NA,NA,NA
"1305","ISMF","PI570087","PI570087","IS22865",NA,"IS22865","BAP",NA,NA,0.09379297627,0.03435607291,0.951739,1,"Landrace,Cultivated","Guinea-caudatum","Sudan",NA,NA,NA,NA,NA
"1306","ISML","PI570090","PI570090","IS22868",NA,"IS22868","BAP",NA,NA,0.1183048598,0.02172287895,1.386337,1,"Landrace,Cultivated","Guinea-caudatum","Sudan",NA,NA,NA,NA,NA
"1307","IDWA","PI570091","PI570091","IS22869",NA,"IS22869","BAP",NA,NA,0.1831949048,0.02478808914,0.812096,1,"Landrace,Cultivated","Guinea-caudatum","Sudan",NA,NA,NA,NA,NA
"1308","ISMS","PI570096","PI570096","IS22874",NA,"IS22874","BAP",NA,NA,0.1193439232,0.02060783828,1.265425,1,"Landrace,Cultivated","Guinea-caudatum","Sudan",NA,NA,NA,NA,NA
"1309","ISMZ","PI570106","PI570106","IS22884",NA,"IS22884","BAP",NA,NA,0.1126004937,0.01969410017,1.160928,19,"Landrace,Cultivated","Guinea-caudatum","Sudan",NA,NA,NA,NA,NA
"1310","IDML","IS_22888","PI570110","IS22888",NA,"IS22888","BAP","unresolved",NA,0.1332320429,0.01897702199,1.160448,2,"Landrace,Cultivated","Guinea-caudatum","Sudan",NA,NA,NA,NA,NA
"1311","ISNE","PI570110","PI570110","IS22888",NA,"IS22888","BAP","unresolved",NA,0.1092093815,0.01915055494,1.152648,19,"Landrace,Cultivated","Guinea-caudatum","Sudan",NA,NA,NA,NA,NA
"1312","ISKM","PI570114","PI570114","IS22892",NA,"IS22892","BAP",NA,NA,0.1160616256,0.02044485584,1.245959,1,"Landrace,Cultivated","Guinea","Sudan",NA,NA,NA,NA,NA
"1313","IDWB","PI570371","PI570371","IS25045",NA,"IS25045","BAP",NA,NA,0.1723915303,0.01337525798,1.047086,19,"Landrace,Cultivated","Guinea-caudatum","Sudan",NA,NA,NA,NA,NA
"1314","IFLT","PI570373","PI570373",NA,NA,"ODAKA","BAP",NA,NA,0.12368073,0.01984026953,1.258292,1,"Cultivar","Guinea-caudatum","Sudan",NA,NA,NA,NA,NA
"1315","IPEC","PI570377","PI570377",NA,NA,"ABALE","Gates",NA,NA,0.1009247719,0.01577424159,1.023088,5,"Cultivar","Caudatum","Sudan",NA,NA,NA,NA,NA
"1316","IFMH","PI570388","PI570388",NA,NA,"BAHONGER-UKILIR","BAP",NA,NA,0.1237836103,0.0195295682,1.163764,19,"Cultivar","Guinea","Sudan",NA,NA,NA,NA,NA
"1317","IFKI","PI570431","PI570431","IS27035",NA,"IS27035","BAP",NA,NA,0.1271888928,0.02391064576,1.133743,18,"Landrace,Cultivated","Durra","Sudan",NA,NA,NA,NA,NA
"1318","JHII","IS2095","PI570477","IS2095",NA,NA,"Gates",NA,NA,0.1097336551,0.01976823332,1.246123,15,"Landrace,Cultivated","Caudatum","India,Sudan",NA,NA,NA,NA,NA
"1319","ISHG","PI570774","PI570774",NA,NA,"HEK.","Gates",NA,NA,0.1069074972,0.01879411102,1.051691,19,NA,"Caudatum","Sudan",NA,NA,NA,NA,NA
"1320","IPED","PI570939","PI570939",NA,NA,"WHITE AKAR AHMR","Gates",NA,NA,0.1081509346,0.01815678298,1.091238,5,NA,"Caudatum","Sudan",NA,NA,NA,NA,NA
"1321","IPEF","PI570957","PI570957",NA,NA,"FETERITA KADUGLI","Gates",NA,NA,0.1028908117,0.01573765416,1.066918,5,NA,"Caudatum","Sudan",NA,NA,NA,NA,NA
"1322","IPEG","PI571011","PI571011",NA,NA,"SUFRA","Gates",NA,NA,0.1275030798,0.0214237529,1.198099,2,NA,"Durra","Sudan",NA,NA,NA,NA,NA
"1323","IPEH","PI571016","PI571016",NA,NA,"MALIRON","Gates",NA,NA,0.1082516796,0.01682042698,1.047452,19,NA,"Caudatum","Sudan",NA,NA,NA,NA,NA
"1324","IPEI","PI571031","PI571031",NA,NA,"KORGI","Gates",NA,NA,0.1060562528,0.01611769979,1.072465,1,NA,"Guinea-caudatum","Sudan",NA,NA,NA,NA,NA
"1325","IZKL","PI571157","PI571157",NA,NA,"BHANA 2","Gates",NA,NA,0.09689158676,0.01678524885,1.037703,5,NA,"Caudatum","Sudan",NA,NA,NA,NA,NA
"1326","ISLG","PI573193","PI573193",NA,NA,"A/7","BAP",NA,NA,0.09894597606,0.01682358051,1.124498,1,"Cultivar","Caudatum","Sudan",NA,NA,NA,NA,NA
"1327","IPEN","PI576125","PI576125",NA,NA,"ICSV 730","Gates",NA,NA,0.1072645001,0.01805177953,1.179859,14,"Breeding","Kafir-durra","Andhra Pradesh",NA,NA,NA,NA,NA
"1328","IPEP","PI576130","PI576130",NA,NA,"ICSV 745","Gates","keep",NA,0.08674592517,0.01390771828,1.213275,14,"Breeding","Kafir","Andhra Pradesh",NA,NA,NA,NA,NA
"1329","ISHP","PI576330","PI576330","IS1044C",NA,"IS1044C","Gates",NA,NA,0.06701298413,0.04782963451,0.874845,9,"Breeding",NA,"India",NA,NA,NA,NA,NA
"1330","SAMEA12302725","PI576332","PI576332",NA,NA,"SAP-287","SAP",NA,NA,0.1554778977,0.009931574837,1.157402,16,"Breeding",NA,"China",NA,NA,NA,NA,NA
"1331","SAMEA12302782","PI576337","PI576337",NA,NA,"SAP-280","SAP","keep",NA,0.1957737271,0.02174983229,0.762981,8,"Breeding",NA,"Uganda",NA,NA,NA,NA,NA
"1332","SAMEA12302717","PI576339","PI576339",NA,NA,"SAP-312","SAP",NA,NA,0.09732612432,0.01156455643,1.138152,16,"Breeding",NA,"Zimbabwe",NA,NA,NA,NA,NA
"1333","SAMEA12302701","PI576340","PI576340",NA,NA,"Nkuli Swaziland","SAP",NA,NA,0.1588676511,0.008471616127,1.027972,16,"Breeding",NA,"South Africa",NA,NA,NA,NA,NA
"1334","ISHY","PI576344","PI576344","IS2990C",NA,"IS2990C","Gates",NA,NA,0.1120420284,0.02337379779,1.523542,1,"Breeding",NA,"Ethiopia",NA,NA,NA,NA,NA
"1335","SAMEA12302733","PI576345","PI576345",NA,NA,"SAP-294","SAP",NA,NA,0.1252397964,0.008632775286,0.977663,16,"Breeding",NA,"South Africa",NA,NA,NA,NA,NA
"1336","SAMEA12302811","PI576347","PI576347",NA,NA,"SAP-342","SAP",NA,NA,0.1126029063,0.0366525248,1.185866,19,"Breeding",NA,"United States",NA,NA,NA,NA,NA
"1337","SAMEA12302796","PI576348","PI576348",NA,NA,"SAP-341","SAP",NA,NA,0.2082873549,0.02062923747,1.049857,3,"Breeding",NA,"United States",NA,NA,NA,NA,NA
"1338","ISIG","PI576349","PI576349",NA,NA,"SAP-343","Gates","keep",NA,0.1383457208,0.03076640858,1.579876,3,"Breeding",NA,"United States",NA,NA,NA,NA,NA
"1339","SAMEA12302800","PI576350","PI576350",NA,NA,"SAP-417","SAP",NA,NA,0.0952285863,0.04878767617,0.931491,9,"Breeding",NA,"United States",NA,NA,NA,NA,NA
"1340","SAMEA12302702","PI576352","PI576352",NA,NA,"Marupantse","SAP",NA,NA,0.1356400521,0.008966869228,1.052408,16,"Breeding",NA,"Botswana",NA,NA,NA,NA,NA
"1341","SAMEA12302517","PI576359","PI576359",NA,NA,"Butivori","SAP",NA,NA,0.1081765853,0.01506181497,1.207937,2,"Breeding",NA,"India",NA,NA,NA,NA,NA
"1342","SAMEA12302723","PI576364","PI576364",NA,NA,"Chari Uri","SAP",NA,NA,0.1449960033,0.009421852737,1.088744,16,"Breeding",NA,"India",NA,NA,NA,NA,NA
"1343","SAMEA12302764","PI576373","PI576373",NA,NA,"SAP-325","SAP",NA,NA,0.2347759268,0.01005472224,0.870659,9,"Breeding",NA,"Japan",NA,NA,NA,NA,NA
"1344","SAMEA12302473","PI576376","PI576376",NA,NA,"SAP-125","SAP",NA,NA,0.1299103125,0.02341041746,1.236948,18,"Breeding",NA,"Ethiopia",NA,NA,NA,NA,NA
"1345","SAMEA12302540","PI576380","PI576380",NA,NA,"Mashica","SAP",NA,NA,0.089753219,0.01453414433,1.083058,14,"Breeding",NA,"Ethiopia",NA,NA,NA,NA,NA
"1346","ISIP","PI576383","PI576383",NA,NA,"Uwarete","Gates",NA,NA,0.1190830065,0.0194812018,1.289355,4,"Breeding",NA,"Nigeria",NA,NA,NA,NA,NA
"1347","SAMEA12302628","PI576386","PI576386",NA,NA,"SAP-347","SAP",NA,NA,0.09880036299,0.01435369862,1.001587,9,"Breeding",NA,"Uganda",NA,NA,NA,NA,NA
"1348","SAMEA12302640","PI576387","PI576387",NA,NA,"Awanlek","SAP",NA,NA,0.09220959019,0.01555752246,1.011545,9,"Breeding",NA,"Sudan",NA,NA,NA,NA,NA
"1349","SAMEA12302465","PI576391","PI576391",NA,NA,"K.1 Irungu cholam","SAP",NA,NA,0.1737042385,0.01651920374,1.19103,2,"Breeding",NA,"India",NA,NA,NA,NA,NA
"1350","SAMEA12302732","PI576394","PI576394",NA,NA,"Lambas","SAP",NA,NA,0.1702701994,0.01090907049,1.003431,16,"Breeding",NA,"Sudan",NA,NA,NA,NA,NA
"1351","SAMEA12302641","PI576396","PI576396",NA,NA,"SAP-225","SAP",NA,NA,0.0941592967,0.01611764421,0.99891,9,"Breeding",NA,"Uganda",NA,NA,NA,NA,NA
"1352","ISJG","PI576397","PI576397",NA,NA,"Local Nature type 48/52","Gates",NA,NA,0.08685742967,0.01538227656,1.148475,16,"Breeding",NA,"Zimbabwe",NA,NA,NA,NA,NA
"1353","ISJP","PI576407","PI576407",NA,NA,"Safed Bedra Khamari","Gates",NA,NA,0.1179339361,0.02425897806,1.25979,2,"Breeding",NA,"India",NA,NA,NA,NA,NA
"1354","SAMEA12302703","PI576422","PI576422",NA,NA,"SAP-141","SAP",NA,NA,0.1535063395,0.008474667053,1.022284,16,"Breeding",NA,"South Africa",NA,NA,NA,NA,NA
"1355","SAMEA12302682","PI576434","PI576434",NA,NA,"Ex-Mubi","SAP","keep",NA,0.09785380875,0.0152836293,1.130045,9,"Breeding",NA,"Nigeria",NA,NA,NA,NA,NA
"1356","SAMEA12302654","PI576435","PI576435",NA,NA,"Lula","SAP",NA,NA,0.1002752672,0.01737338199,1.091078,5,"Breeding",NA,"Uganda",NA,NA,NA,NA,NA
"1357","SAMEA12302829","PI576437","PI576437",NA,NA,"SAP-155","SAP",NA,NA,0.1270322153,0.01495789043,1.122642,1,"Breeding",NA,"Brazil",NA,NA,NA,NA,NA
"1358","ISLM","PI583832","PI583832",NA,NA,"TOP 76-6","BAP",NA,NA,0.1027635562,0.01767765546,1.112408,5,"Cultivar",NA,"Georgia",NA,NA,NA,NA,NA
"1359","SAMEA12302558","PI585291","PI585291",NA,NA,"Tx2903","SAP",NA,NA,0.1075189001,0.02695394063,0.923712,8,"Breeding",NA,"Texas",NA,NA,NA,NA,NA
"1360","SAMEA12302827","PI585295","PI585295",NA,NA,"Tx2907","SAP",NA,NA,0.1188277192,0.01209551539,1.101235,9,"Breeding",NA,"Texas",NA,NA,NA,NA,NA
"1361","JHHX","IS24445","PI585333","IS24445",NA,NA,"Gates",NA,NA,0.08286101523,0.01439755824,1.161649,16,"Landrace,Cultivated","Kafir-durra","South Africa",NA,NA,NA,NA,NA
"1362","IPER","PI585438","PI585438","IS24939",NA,"IS24939","Gates","keep",NA,0.1073812734,0.01898038877,1.194781,1,"Landrace,Cultivated","Caudatum","Zambia",NA,NA,NA,NA,NA
"1363","IPES","PI585620","PI585620","IS25596",NA,"KINISHA","Gates",NA,NA,0.120823597,0.02086444771,1.49603,1,"Landrace,Cultivated","Caudatum","Rwanda",NA,NA,NA,NA,NA
"1364","IXQG","PI585679","PI585679",NA,NA,"GADIABA","Gates",NA,NA,0.1108596259,0.02744138365,1.279032,13,"Cultivar","Durra","Mali",NA,NA,NA,NA,NA
"1365","IPET","PI585691","PI585691",NA,NA,"NIENIKO","Gates",NA,NA,0.11549742,0.02073432575,1.212171,17,"Cultivar","Guinea","Mali",NA,NA,NA,NA,NA
"1366","IXQH","PI585703","PI585703",NA,NA,"DARNE","Gates",NA,NA,0.09325350635,0.01875723275,1.149555,17,"Cultivar","Guinea","Mali",NA,NA,NA,NA,NA
"1367","ISJY","PI585824","PI585824",NA,NA,"SEGUETENE","Gates",NA,NA,0.1089645763,0.02148377822,1.189749,17,"Cultivar","Guinea","Mali",NA,NA,NA,NA,NA
"1368","JHHR","PI585834","PI585834",NA,NA,"N&#39;PETOROGO","Gates",NA,NA,0.106339548,0.02290419896,1.20239,17,"Cultivar","Guinea","Mali",NA,NA,NA,NA,NA
"1369","JHGZ","PI585868","PI585868",NA,NA,"BELOKO","Gates",NA,NA,0.1066296094,0.02053232978,1.203462,17,"Cultivar","Guinea","Mali",NA,NA,NA,NA,NA
"1370","JHHA","PI585874","PI585874",NA,NA,"RAHYE","Gates",NA,NA,0.106106861,0.02406997667,1.258026,17,"Cultivar","Guinea","Mali",NA,NA,NA,NA,NA
"1371","JHHB","PI585877","PI585877",NA,NA,"KENINKE NITELI","Gates",NA,NA,0.1040721049,0.01992930805,1.184068,17,"Cultivar","Guinea","Mali",NA,NA,NA,NA,NA
"1372","IDWC","PI585961","PI585961","IS26386",NA,"IS26386","BAP",NA,NA,0.1415036192,0.01892031844,1.288288,4,"Landrace,Cultivated","Guinea","Togo",NA,NA,NA,NA,NA
"1373","JHHC","PI585963","PI585963",NA,NA,"MLAKESSEMA","Gates",NA,NA,0.1130019765,0.02093482202,1.315812,4,"Cultivar","Guinea","Togo",NA,NA,NA,NA,NA
"1374","JHHD","PI585974","PI585974",NA,NA,"EPODJIN","Gates",NA,NA,0.1195807142,0.02293924304,1.329968,4,"Cultivar","Guinea","Togo",NA,NA,NA,NA,NA
"1375","IPEU","PI586076","PI586076","IS26735",NA,"IS26735","Gates",NA,NA,0.09324180407,0.01554932945,1.119656,5,"Landrace,Cultivated","Caudatum","South Africa",NA,NA,NA,NA,NA
"1376","IPEW","PI586192","PI586192","IS27390",NA,"IS27390","Gates",NA,NA,0.1110210731,0.01917457858,1.179386,17,"Landrace,Cultivated","Guinea","Burkina Faso",NA,NA,NA,NA,NA
"1377","IPEX","PI586286","PI586286",NA,NA,"DAMA SENIO","Gates",NA,NA,0.108772681,0.02000983981,1.203922,17,"Cultivar","Guinea","Burkina Faso",NA,NA,NA,NA,NA
"1378","JHHH","PI586407","PI586407",NA,NA,"KEITI","Gates",NA,NA,0.1965710911,0.03231492559,2.274883,10,"Cultivar","Guinea","Sierra Leone",NA,NA,NA,NA,NA
"1379","IFLD","PI586435","PI586435",NA,NA,"SUGAR DRIP","BAP",NA,NA,0.09370881408,0.01420335762,1.169351,16,"Cultivar","Guinea-kafir","Hungary",NA,NA,NA,NA,NA
"1380","IPEZ","PI586791","PI586791","IS6928",NA,"IS6928","Gates",NA,NA,0.1031781833,0.01700482641,1.033407,5,"Landrace","Caudatum","Sudan",NA,NA,NA,NA,NA
"1381","IDWW","PI593916;3882-JG-0007","PI593916",NA,NA,"B3SC599-6-9188","BAP",NA,NA,0.1121283536,0.01093846841,1.010679,9,"Breeding",NA,"Texas",NA,NA,NA,NA,NA
"1382","SAMEA12302704","PI595702","PI595702",NA,NA,"SAP-311","SAP",NA,NA,0.1396914839,0.00899752497,1.056762,16,"Breeding",NA,"Texas",NA,NA,NA,NA,NA
"1383","ISGH","PI595707","PI595707","IS5792C",NA,"IS5792C","Gates",NA,NA,0.1046488724,0.02229751234,1.221744,2,"Breeding",NA,"Texas",NA,NA,NA,NA,NA
"1384","SAMEA12302619","PI595714","PI595714",NA,NA,"SAP-139","SAP",NA,NA,0.104020443,0.01533425502,1.096778,9,"Breeding",NA,"Texas",NA,NA,NA,NA,NA
"1385","SAMEA12302626","PI595718","PI595718",NA,NA,"SAP-162","SAP","keep",NA,0.1037730865,0.02091349612,1.120031,5,"Breeding",NA,"Texas",NA,NA,NA,NA,NA
"1386","SAMEA12302463","PI595720","PI595720",NA,NA,"SAP-149","SAP",NA,NA,0.1288356709,0.01827553036,1.137532,18,"Breeding",NA,"Texas",NA,NA,NA,NA,NA
"1387","SAMEA12302667","PI595739","PI595739",NA,NA,"SAP-131","SAP",NA,NA,0.09559754113,0.01370361414,0.985695,9,"Breeding",NA,"Texas",NA,NA,NA,NA,NA
"1388","SAMEA12302802","PI595740","PI595740",NA,NA,"SAP-133","SAP",NA,NA,0.08446217658,0.03024509059,0.824059,14,"Breeding",NA,"Texas",NA,NA,NA,NA,NA
"1389","IFMD","PI595741","PI595741",NA,NA,"SAP-134","BAP","keep",NA,0.1117546568,0.01941244727,1.318075,17,"Breeding",NA,"Texas",NA,NA,NA,NA,NA
"1390","SAMEA12302761","PI595743","PI595743",NA,NA,"SAP-154","SAP",NA,NA,0.08370116739,0.0147278315,1.164334,8,"Breeding",NA,"Texas",NA,NA,NA,NA,NA
"1391","SAMEA12302781","PI595744","PI595744",NA,NA,"SAP-157","SAP",NA,NA,0.09432118759,0.01218953669,1.031184,19,"Breeding",NA,"Texas",NA,NA,NA,NA,NA
"1392","SAMEA12302494","PI597945","PI597945",NA,NA,"SAP-336","SAP",NA,NA,0.1438132404,0.01718565391,1.108001,19,"Breeding",NA,"Texas",NA,NA,NA,NA,NA
"1393","SAMEA12302774","PI597949","PI597949",NA,NA,"SAP-146","SAP",NA,NA,0.1121666217,0.01748807363,1.165155,7,"Breeding",NA,"Texas",NA,NA,NA,NA,NA
"1394","SAMEA12302785","PI597950","PI597950",NA,NA,"SAP-250","SAP",NA,NA,0.09320336954,0.01845788025,1.137889,7,"Breeding",NA,"Texas",NA,NA,NA,NA,NA
"1395","SAMEA12302585","PI597951","PI597951",NA,NA,"SAP-264","SAP",NA,NA,0.1704226342,0.01515116214,1.229865,4,"Breeding",NA,"Texas",NA,NA,NA,NA,NA
"1396","SAMEA12302491","PI597957","PI597957",NA,NA,"SAP-151","SAP",NA,NA,0.1325013155,0.01620827722,1.219027,18,"Breeding",NA,"Texas",NA,NA,NA,NA,NA
"1397","SAMEA12302765","PI597958","PI597958",NA,NA,"SAP-197","SAP",NA,NA,0.1621943176,0.01010893447,1.091207,9,"Breeding",NA,"Texas",NA,NA,NA,NA,NA
"1398","SAMEA12302688","PI597961","PI597961",NA,NA,"SAP-138","SAP",NA,NA,0.157681616,0.009930957632,0.931697,9,"Breeding",NA,"Texas",NA,NA,NA,NA,NA
"1399","SAMEA12302607","PI597965","PI597965",NA,NA,"SAP-395","SAP",NA,NA,0.1078489767,0.01649877403,1.090969,9,"Breeding",NA,"Texas",NA,NA,NA,NA,NA
"1400","SAMEA12302614","PI597966","PI597966",NA,NA,"SAP-158","SAP",NA,NA,0.08981211866,0.01520367944,1.017483,5,"Breeding",NA,"Texas",NA,NA,NA,NA,NA
"1401","SAMEA12302537","PI597967","PI597967",NA,NA,"SAP-167","SAP",NA,NA,0.1754638245,0.01024350449,0.872332,14,"Breeding",NA,"Texas",NA,NA,NA,NA,NA
"1402","SAMEA12302692","PI597968","PI597968",NA,NA,"SAP-168","SAP","keep",NA,0.1034404033,0.01806881028,1.079618,5,"Breeding",NA,"Texas",NA,NA,NA,NA,NA
"1403","SAMEA12302658","PI597971","PI597971",NA,NA,"SAP-170","SAP",NA,NA,0.09625303563,0.01563160808,1.043966,9,"Breeding",NA,"Texas",NA,NA,NA,NA,NA
"1404","SAMEA12302836","PI597972","PI597972",NA,NA,"SAP-398","SAP",NA,NA,0.1286146308,0.015105251,1.202852,13,"Breeding",NA,"Texas",NA,NA,NA,NA,NA
"1405","SAMEA12302840","PI597973","PI597973",NA,NA,"SAP-171","SAP",NA,NA,0.1267965611,0.01455060014,1.134131,13,"Breeding",NA,"Texas",NA,NA,NA,NA,NA
"1406","SAMEA12302569","PI597976","PI597976",NA,NA,"SAP-172","SAP",NA,NA,0.1133063469,0.01853524784,1.170169,17,"Breeding",NA,"Texas",NA,NA,NA,NA,NA
"1407","IUIN","PI597980_Green","PI597980",NA,NA,"SAP-173","GatesRef","keep",NA,0.08727313819,0.01129171232,1.026705,9,"Breeding",NA,"Texas",NA,NA,NA,NA,NA
"1408","SAMEA12302627","PI597982","PI597982",NA,NA,"SAP-175","SAP",NA,NA,0.09227237213,0.015457205,1.037345,9,"Breeding",NA,"Texas",NA,NA,NA,NA,NA
"1409","SAMEA12302496","PI598069","PI598069",NA,NA,"RTx2909","SAP",NA,NA,0.1266392458,0.02261029576,1.173338,2,"Breeding",NA,"Texas",NA,NA,NA,NA,NA
"1410","SAMEA12302495","PI598070","PI598070",NA,NA,"RTx2910","SAP",NA,NA,0.1217536516,0.03067968727,1.115062,2,"Breeding",NA,"Texas",NA,NA,NA,NA,NA
"1411","SAMEA12302522","PI601816","PI601816",NA,NA,"ICSV 400","SAP",NA,NA,0.07804438689,0.01168763165,0.992304,14,"Cultivar",NA,"Mali",NA,NA,NA,NA,NA
"1412","IFHM","PI606706","PI606706",NA,NA,"Tift 98bmrB1","BAP",NA,NA,0.03618605251,0.008697101265,1.028238,16,"Breeding",NA,"Georgia",NA,NA,NA,NA,NA
"1413","SAMEA12302678","PI607931","PI607931",NA,NA,"Tx2911","SAP",NA,NA,0.1467810736,0.008679641858,0.906976,9,"Breeding",NA,"Texas",NA,NA,NA,NA,NA
"1414","IPFA","PI608957","PI608957",NA,NA,"KOUROUNIENI","Gates",NA,NA,0.09704851389,0.01496820168,1.034938,5,"Cultivar","Caudatum","Mali",NA,NA,NA,NA,NA
"1415","ISGZ","PI608960","PI608960",NA,NA,"KONOTENE","Gates",NA,NA,0.1176149795,0.02048992939,1.265352,13,"Cultivar","Durra","Mali",NA,NA,NA,NA,NA
"1416","JHHM","PI609087","PI609087",NA,NA,"NIENIE BLE","Gates",NA,NA,0.1103287525,0.02101392637,1.225245,17,"Cultivar","Guinea","Mali",NA,NA,NA,NA,NA
"1417","ISHH","PI609092","PI609092",NA,NA,"NIO KA","Gates",NA,NA,0.1022978218,0.020724798,1.232898,17,"Cultivar","Durra","Mali",NA,NA,NA,NA,NA
"1418","IZKR","PI609159","PI609159",NA,NA,"EME NA","Gates","keep",NA,0.1086760955,0.02243335197,1.190974,17,"Cultivar","Guinea","Mali",NA,NA,NA,NA,NA
"1419","ISHQ","PI609287","PI609287",NA,NA,"CSM335","Gates",NA,NA,0.1084339524,0.02108089586,1.228493,17,NA,"Guinea","Mali",NA,NA,NA,NA,NA
"1420","ISHZ","PI609291","PI609291",NA,NA,"CSM388","Gates",NA,NA,0.1086501675,0.02284678316,1.166388,17,NA,"Guinea","Mali",NA,NA,NA,NA,NA
"1421","ISIH","PI609326","PI609326",NA,NA,"MALISOR84-7","Gates",NA,NA,0.04277344218,0.006574377403,0.960004,14,NA,"Caudatum","Mali",NA,NA,NA,NA,NA
"1422","SAMEA12302588","PI609456","PI609456",NA,NA,"SAP-386","SAP",NA,NA,0.1939270118,0.03041644334,2.278661,10,NA,"Guinea","Mali",NA,NA,NA,NA,NA
"1423","SRR8474587","SRR8474587","PI609612",NA,NA,"HAMBA BIBA","TERRA_new",NA,NA,0.430023772,0.020915975,1.365356,9,"Cultivar","Bicolor (outlier)","Mali",NA,NA,NA,NA,NA
"1424","IPFC","PI609835","PI609835",NA,NA,"KINITERI ZIEMARI FING","Gates",NA,NA,0.1115928214,0.01899529733,1.22413,7,NA,"Guinea","Mali",NA,NA,NA,NA,NA
"1425","IZLL","PI609882","PI609882",NA,NA,"SP3","Gates","keep",NA,0.1115699992,0.02174988466,1.231802,17,NA,"Guinea","Mali",NA,NA,NA,NA,NA
"1426","IPFE","PI609966","PI609966",NA,NA,"GADIABA BA","Gates",NA,NA,0.1221370263,0.0187887305,1.085918,8,"Cultivar","Durra","Mali",NA,NA,NA,NA,NA
"1427","SAMEA12302839","PI613536","PI613536",NA,NA,"KS 115","SAP",NA,NA,0.1280134049,0.01400213427,1.00355,9,"Breeding",NA,"Kansas",NA,NA,NA,NA,NA
"1428","IPFK","PI619655","PI619655",NA,NA,"Tie sha mao","Gates",NA,NA,0.1191227721,0.01895094064,1.221351,15,"Landrace",NA,"China",NA,NA,NA,NA,NA
"1429","IPFP","PI619915","PI619915",NA,NA,"Omubere","Gates",NA,NA,0.1045645716,0.01907760243,1.19069,1,"Landrace",NA,"Uganda",NA,NA,NA,NA,NA
"1430","IPFQ","PI620001","PI620001",NA,NA,"Ntuku","Gates",NA,NA,0.1035221806,0.01637701327,1.17983,1,"Landrace",NA,"Uganda",NA,NA,NA,NA,NA
"1431","IQTS","PI620331","PI620331",NA,NA,"Binora","Gates",NA,NA,0.1201525734,0.02367836023,1.224135,7,"Landrace",NA,"Bihar",NA,NA,NA,NA,NA
"1432","IQTU","PI620599","PI620599","IS33353",NA,"IS33353","Gates",NA,NA,0.0987211923,0.01576075031,1.108543,1,"Landrace",NA,"Kenya",NA,NA,NA,NA,NA
"1433","SAMEA12302830","PI629034","PI629034",NA,NA,"RTx437","SAP",NA,NA,0.09026018872,0.01546617868,1.078965,9,"Breeding",NA,"Texas",NA,NA,NA,NA,NA
"1434","SAMEA12302520","PI629040","PI629040",NA,NA,"Tx2917","SAP",NA,NA,0.1134984363,0.01990260952,1.162201,8,"Breeding",NA,"Texas",NA,NA,NA,NA,NA
"1435","IFLY","PI629059","PI629059",NA,NA,"BTx2928","BAP","keep",NA,0.06912352777,0.009554364119,1.033469,9,"Breeding",NA,"Texas",NA,NA,NA,NA,NA
"1436","IFLE","PI63715","PI63715",NA,NA,"SUMAC","BAP",NA,NA,0.07824440727,0.01214345075,1.214888,16,NA,"Kafir","China",NA,NA,NA,NA,NA
"1437","JBPU","PI641807","PI641807",NA,NA,"ATLAS","Gates",NA,NA,0.08122136388,0.01420046103,1.149947,16,NA,NA,NA,NA,NA,NA,NA,NA
"1438","IFIW","PI641810","PI641810",NA,NA,"COLMAN (Y)","BAP",NA,NA,0.09078485053,0.01406685346,1.194393,16,NA,NA,NA,NA,NA,NA,NA,NA
"1439","IFJA","PI641815","PI641815",NA,NA,"EARLY FOLGER","BAP",NA,NA,0.09618834028,0.01508588778,1.207349,16,NA,NA,NA,NA,NA,NA,NA,NA
"1440","IFJB","PI641817","PI641817",NA,NA,"EARLY SUMAC","BAP",NA,NA,0.1056322251,0.01403220821,1.203315,16,NA,NA,NA,NA,NA,NA,NA,NA
"1441","IFEF","PI641821","PI641821",NA,NA,"HONEY DRIP","BAP",NA,NA,0.09982237203,0.01663873726,1.186117,16,NA,NA,NA,NA,NA,NA,NA,NA
"1442","ISKN","PI641824","PI641824",NA,NA,"KANSAS ORANGE","BAP","keep",NA,0.09893898796,0.01796709577,1.194882,16,NA,NA,NA,NA,NA,NA,NA,NA
"1443","JBPW","PI641825","PI641825",NA,NA,"LEOTI","Gates",NA,NA,0.1098265247,0.02090416028,1.311769,15,NA,NA,NA,NA,NA,NA,NA,NA
"1444","IFKQ","PI641829","PI641829",NA,NA,"MCLEAN","BAP",NA,NA,0.0877088127,0.01365907168,1.120938,16,NA,NA,NA,NA,NA,NA,NA,NA
"1445","IFKR","PI641830","PI641830",NA,NA,"MINNESOTA AMBER","BAP",NA,NA,0.1049982495,0.01729161524,1.307234,16,NA,NA,NA,NA,NA,NA,NA,NA
"1446","ISKU","PI641834","PI641834",NA,NA,"PLANTER","BAP",NA,NA,0.08634968349,0.01446497772,1.168062,16,NA,NA,NA,NA,NA,NA,NA,NA
"1447","IFLA","PI641835","PI641835",NA,NA,"REX","BAP",NA,NA,0.07724006259,0.01264541059,1.183806,16,NA,NA,NA,NA,NA,NA,NA,NA
"1448","SAMEA12302705","PI641836","PI641836",NA,NA,"ROX ORANGE","SAP",NA,NA,0.08025121096,0.01322824608,1.190734,16,NA,NA,NA,NA,NA,NA,NA,NA
"1449","JHIJ","IS601","PI641846","IS601",NA,"MN 4513;ISABELA NO 10000;Black amber","Gates",NA,NA,0.07969865223,0.01278989791,1.072456,9,"Landrace",NA,"United States",NA,NA,NA,NA,NA
"1450","SAMEA12302751","PI641849","PI641849",NA,NA,"WACONIA","SAP",NA,NA,0.1242418297,0.02055359235,1.287441,15,NA,NA,NA,NA,NA,NA,NA,NA
"1451","IFGU","PI641850","PI641850",NA,NA,"WHITE AFRICAN","BAP",NA,NA,0.08412045314,0.01367967559,1.191862,16,NA,NA,NA,NA,NA,NA,NA,NA
"1452","IFDW","PI641860","PI641860",NA,NA,"COLLIER","BAP",NA,NA,0.08321776862,0.01363214738,1.204372,16,NA,NA,NA,NA,NA,NA,NA,NA
"1453","IFIU","PI641862","PI641862",NA,NA,"COLLIER","BAP",NA,NA,0.1022137706,0.01759464551,1.269941,16,NA,NA,NA,NA,NA,NA,NA,NA
"1454","SAMEA12302498","PI641874","PI641874",NA,NA,"DAY MILO","SAP",NA,NA,0.1482547854,0.01779247647,1.218016,8,NA,NA,NA,NA,NA,NA,NA,NA
"1455","IFGQ","PI641892","PI641892",NA,NA,"SAPLING","BAP",NA,NA,0.07712714383,0.01311351454,1.199274,16,NA,NA,NA,NA,NA,NA,NA,NA
"1456","SAMEA12302552","PI642791","PI642791",NA,NA,"BTx640","SAP",NA,NA,0.1557767497,0.008551689442,1.029576,14,"Breeding",NA,"Texas",NA,NA,NA,NA,NA
"1457","ISIQ","PI642793","PI642793",NA,NA,"BTx641","Gates","keep",NA,0.08525299611,0.0152725367,1.139417,9,"Breeding",NA,"Texas",NA,NA,NA,NA,NA
"1458","SAMEA12302612","PI642992","PI642992",NA,NA,"Standard Early Hegari","SAP",NA,NA,0.1031517283,0.01843224087,1.140516,5,NA,NA,NA,NA,NA,NA,NA,NA
"1459","JBPX","PI642998","PI642998",NA,NA,"Black Spanish","Gates","keep",NA,0.1395407961,0.02678004424,1.614689,3,NA,NA,NA,NA,NA,NA,NA,NA
"1460","IFKU","PI643008","PI643008",NA,NA,"MN 2751","BAP",NA,NA,0.1193890408,0.01621441719,1.049871,19,NA,NA,NA,NA,NA,NA,NA,NA
"1461","IFKW","PI643016","PI643016",NA,NA,"MN 2761","BAP",NA,NA,0.1334512251,0.01928861681,1.160383,18,NA,NA,NA,NA,NA,NA,NA,NA
"1462","JHIP","IS815","PI643678","IS815",NA,NA,"Gates",NA,NA,0.1012415933,0.01959875928,1.159075,7,"Breeding",NA,"United States",NA,NA,NA,NA,NA
"1463","JHGU","IS378","PI643741","IS378",NA,NA,"Gates",NA,NA,0.1220457928,0.02802424572,1.272432,8,"Breeding",NA,"United States",NA,NA,NA,NA,NA
"1464","IQTY","PI643756","PI643756","IS13",NA,"ISABELA NO 9881","Gates",NA,NA,0.1324723371,0.02467846626,1.553579,3,"Landrace",NA,"United States",NA,NA,NA,NA,NA
"1465","JHHT","IS152","PI643769","IS152",NA,"ISABELA NO 9919","Gates",NA,NA,0.06303703483,0.01063468273,1.141761,16,"Breeding",NA,"United States",NA,NA,NA,NA,NA
"1466","IQTZ","PI644283","PI644283","IS3147",NA,"IS3147","Gates",NA,NA,0.1094808358,0.0206416961,1.312986,15,"Landrace",NA,"South Africa",NA,NA,NA,NA,NA
"1467","JHHW","IS3922","PI644295","IS3922",NA,NA,"Gates",NA,NA,0.1098791018,0.01890894275,1.209844,8,"Breeding",NA,"United States,California",NA,NA,NA,NA,NA
"1468","IZKT","PI646459","PI646459","IS33423",NA,"IS33423","Gates",NA,NA,0.0956749648,0.01694196149,1.048931,5,"Landrace",NA,"Kenya",NA,NA,NA,NA,NA
"1469","IQUI","PI647707","PI647707","IS6745",NA,"IS6745","Gates",NA,NA,0.1061537534,0.02041712789,1.174848,17,"Landrace",NA,"Burkina Faso",NA,NA,NA,NA,NA
"1470","IXQS","PI647735","PI647735","IS3957",NA,"IS3957","Gates",NA,NA,0.181462162,0.02060407502,1.249897,7,"Landrace",NA,"Nepal",NA,NA,NA,NA,NA
"1471","IQUK","PI647769","PI647769","IS10234",NA,"IS10234","Gates",NA,NA,0.100071115,0.01878254667,1.083145,5,"Landrace",NA,"Central African Republic",NA,NA,NA,NA,NA
"1472","IQUL","PI647808","PI647808",NA,NA,"74L 12164","Gates",NA,NA,0.1108426548,0.02301508175,1.18568,7,NA,NA,"Pakistan",NA,NA,NA,NA,NA
"1473","IQUM","PI647828","PI647828",NA,NA,"HD-042","Gates",NA,NA,0.09915284588,0.01869555573,1.157724,7,NA,NA,"Eswatini",NA,NA,NA,NA,NA
"1474","IXQT","PI647829","PI647829",NA,NA,"HD-051","Gates",NA,NA,0.131928763,0.0180575527,1.182307,7,NA,NA,"South Africa",NA,NA,NA,NA,NA
"1475","IQUQ","PI651205","PI651205",NA,NA,"HD-208","Gates",NA,NA,0.1106992879,0.02114706866,1.33075,1,NA,NA,NA,NA,NA,NA,NA,NA
"1476","IFDR","PI651491","PI651491",NA,NA,"BAILEY","BAP",NA,NA,0.08468493601,0.0135471439,1.100689,16,NA,NA,"Georgia",NA,NA,NA,NA,NA
"1477","SAMEA12302822","PI651492","PI651492",NA,NA,"COWLEY","SAP",NA,NA,0.1196591917,0.01605549958,1.019839,14,NA,NA,"Texas",NA,NA,NA,NA,NA
"1478","ISLB","PI651493","PI651493",NA,NA,"RAMADA","BAP",NA,NA,0.1016160388,0.0161503027,1.020581,5,NA,NA,"Mississippi",NA,NA,NA,NA,NA
"1479","IFDX","PI651495","PI651495",NA,NA,"DALE","BAP",NA,NA,0.09111950268,0.01472508298,1.19448,16,NA,NA,"Mississippi",NA,NA,NA,NA,NA
"1480","IQUR","PI651496","PI651496",NA,NA,"RIO","Gates","keep",NA,0.08422402671,0.01531696781,1.059298,9,NA,NA,NA,NA,NA,NA,NA,NA
"1481","IFGT","PI651497","PI651497",NA,NA,"Theis","BAP",NA,NA,0.1061399436,0.01740292435,1.063198,5,"Cultivar",NA,"Mississippi",NA,NA,NA,NA,NA
"1482","IFHI","PI653411","PI653411",NA,NA,"M 81E","BAP",NA,NA,0.1018127038,0.01739994018,1.049353,5,NA,NA,"Mississippi",NA,NA,NA,NA,NA
"1483","IFMR","PI653616","PI653616",NA,NA,"WRAY","BAP","keep",NA,0.09014042052,0.01611435669,1.085087,9,NA,NA,"Mississippi",NA,NA,NA,NA,NA
"1484","ISLN","PI653617","PI653617",NA,NA,"KELLER","BAP","unresolved",NA,0.1123715504,0.02116072894,1.252861,5,NA,NA,"Mississippi",NA,NA,NA,NA,NA
"1485","SAMEA12302694","PI653617","PI653617",NA,NA,"KELLER","SAP","unresolved",NA,0.0708086572,0.010178892,1.059206,9,NA,NA,"Mississippi",NA,NA,NA,NA,NA
"1486","SAMEA12302706","PI655970","PI655970",NA,NA,"Standard Blackhull Kafir","SAP",NA,NA,0.0699377796,0.009804534838,1.122301,16,"Breeding",NA,"Kansas",NA,NA,NA,NA,NA
"1487","SAMEA12302449","PI655971","PI655971",NA,NA,"STANDARD WHITE MILO","SAP",NA,NA,0.1223003869,0.02186900128,1.18335,8,NA,NA,NA,NA,NA,NA,NA,NA
"1488","JBQH","PI655972","PI655972",NA,NA,"PINK KAFIR","Gates","keep",NA,0.07900486186,0.01320350996,1.150448,16,NA,NA,"Kansas",NA,NA,NA,NA,NA
"1489","ISIZ","PI655973","PI655973",NA,NA,"SPUR FETERITA","Gates","keep",NA,0.1111793036,0.01965852296,1.039452,19,"Breeding",NA,"Texas",NA,NA,NA,NA,NA
"1490","SAMEA12302707","PI655974","PI655974",NA,NA,"TEXAS BLACKHULL KAFIR","SAP",NA,NA,0.07300316891,0.01044302186,1.123266,16,NA,NA,"Texas",NA,NA,NA,NA,NA
"1491","SAMEA12302729","PI655975","PI655975",NA,NA,"WHEATLAND","SAP",NA,NA,0.2091994401,0.008574720005,0.977287,16,NA,NA,"United States",NA,NA,NA,NA,NA
"1492","SAMEA12302718","PI655976","PI655976",NA,NA,"RED KAFIR","SAP",NA,NA,0.08525729435,0.01401231776,1.145153,16,NA,NA,"Kansas",NA,NA,NA,NA,NA
"1493","SAMEA12302550","PI655977","PI655977",NA,NA,"TAM2566","SAP",NA,NA,0.103780241,0.0142668655,0.981828,14,"Breeding",NA,"Texas",NA,NA,NA,NA,NA
"1494","ISLU","PI655978","PI655978",NA,NA,"Tx2737","BAP","keep",NA,0.1157278331,0.02152663824,1.24435,8,"Breeding",NA,"Texas",NA,NA,NA,NA,NA
"1495","ISJH","PI655979","PI655979",NA,NA,"Tx2741","Gates","keep",NA,0.08419330127,0.01539572671,1.110881,8,"Breeding",NA,"Texas",NA,NA,NA,NA,NA
"1496","SAMEA12302820","PI655980","PI655980",NA,NA,"Tx2785","SAP",NA,NA,0.1608320548,0.01847604554,1.292452,3,"Breeding",NA,"Texas",NA,NA,NA,NA,NA
"1497","SAMEA12302749","PI655982","PI655982",NA,NA,"SAP-380","SAP",NA,NA,0.07230535761,0.007731176797,1.042144,9,NA,NA,"Australia",NA,NA,NA,NA,NA
"1498","SAMEA12302708","PI655983","PI655983",NA,NA,"SUGAR DRIP","SAP",NA,NA,0.09275965317,0.01241800377,1.192473,16,NA,NA,NA,NA,NA,NA,NA,NA
"1499","SAMEA12302758","PI655984","PI655984",NA,NA,"CHILTEX","SAP",NA,NA,0.1322784729,0.01491161026,1.122634,19,NA,NA,"Texas",NA,NA,NA,NA,NA
"1500","SAMEA12302519","PI655985","PI655985",NA,NA,"PLAINSMAN","SAP",NA,NA,0.08699117406,0.01464146186,1.055783,8,NA,NA,"Texas",NA,NA,NA,NA,NA
"1501","IFHB","PI655986","PI655986",NA,NA,"CAPROCK","BAP","keep",NA,0.08472678139,0.01318504095,1.033771,8,NA,NA,"Texas",NA,NA,NA,NA,NA
"1502","SAMEA12302726","PI655987","PI655987",NA,NA,"MARTIN","SAP",NA,NA,0.2239610719,0.006831983372,0.877033,16,NA,NA,"Texas",NA,NA,NA,NA,NA
"1503","IFHC","PI655988","PI655988",NA,NA,"COMBINE KAFIR-60","JGI_Ref","keep",NA,0.0637853989,0.009267430225,1.123325,16,NA,NA,"Texas",NA,NA,NA,NA,NA
"1504","SAMEA12302738","PI655989","PI655989",NA,NA,"REDBINE-60","SAP",NA,NA,0.06757865941,0.009378352574,1.065862,8,"Cultivar",NA,"Texas",NA,NA,NA,NA,NA
"1505","ISJQ","PI655990","PI655990",NA,NA,"COMBINE 7078","Gates","keep",NA,0.09899461542,0.01951544296,1.211758,8,NA,NA,"Texas",NA,NA,NA,NA,NA
"1506","SAMEA12302721","PI655991","PI655991",NA,NA,"TX 378 (REDLAN) B LINE","SAP","keep",NA,0.06992954363,0.01531513237,1.109568,16,NA,NA,"Texas",NA,NA,NA,NA,NA
"1507","SAMEA12302709","PI655992","PI655992",NA,NA,"TX 3197 (COMB KAFIR 60) B LINE","SAP",NA,NA,0.07159101891,0.009997324345,1.114758,16,NA,NA,"Texas",NA,NA,NA,NA,NA
"1508","SAMEA12302731","PI655993","PI655993",NA,NA,"TX 399(DALHART RES WHTLND)B LN","SAP",NA,NA,0.07884554991,0.01141563096,1.128398,16,NA,NA,"Texas",NA,NA,NA,NA,NA
"1509","SAMEA12302760","PI655994","PI655994",NA,NA,"WILEY","SAP",NA,NA,0.09019585387,0.02183759372,1.042139,5,NA,NA,"Maryland",NA,NA,NA,NA,NA
"1510","SAMEA12302499","PI655995","PI655995",NA,NA,"DEER","SAP","keep",NA,0.1675266231,0.02234766561,1.482239,3,"Cultivar",NA,"Illinois",NA,NA,NA,NA,NA
"1511","IFMC","PI655996","PI655996",NA,NA,"RTx430","BAP","keep",NA,0.1072859081,0.01732260042,1.164103,8,NA,NA,"Texas",NA,NA,NA,NA,NA
"1512","SAMEA12302521","PI655997","PI655997",NA,NA,"R TX 431","SAP",NA,NA,0.1243263801,0.01744391205,1.184468,8,NA,NA,"Texas",NA,NA,NA,NA,NA
"1513","SAMEA12302592","PI655998","PI655998",NA,NA,"KS19","SAP",NA,NA,0.1049891539,0.01830060204,1.279902,9,NA,NA,"Nebraska",NA,NA,NA,NA,NA
"1514","SAMEA12302805","PI655999","PI655999",NA,NA,"TX2784","SAP",NA,NA,0.1755705593,0.0253624468,1.343417,3,NA,NA,"Texas",NA,NA,NA,NA,NA
"1515","SAMEA12302776","PI656000","PI656000",NA,NA,"RTx432","SAP",NA,NA,0.03580736426,0.004589378955,0.977677,9,"Breeding",NA,"Texas",NA,NA,NA,NA,NA
"1516","SAMEA12302823","PI656001","PI656001",NA,NA,"TX2783","SAP",NA,NA,0.1097228679,0.01009993187,0.99524,9,NA,NA,"Texas",NA,NA,NA,NA,NA
"1517","JBQI","PI656003","PI656003",NA,NA,"B AZ9504","Gates",NA,NA,0.09118211824,0.0160205097,1.169718,16,NA,NA,"Arizona",NA,NA,NA,NA,NA
"1518","SAMEA12302593","PI656004","PI656004",NA,NA,"RTX435","SAP",NA,NA,0.1032229126,0.01757217376,1.279427,9,NA,NA,"Texas",NA,NA,NA,NA,NA
"1519","SAMEA12302737","PI656005","PI656005",NA,NA,"01MN1589-B","SAP",NA,NA,0.1880776705,0.01164633554,1.008917,16,"Breeding",NA,"Kansas",NA,NA,NA,NA,NA
"1520","SAMEA12302789","PI656006","PI656006",NA,NA,"88V1080","SAP",NA,NA,0.1084081076,0.01509343824,1.063051,14,"Breeding",NA,"Texas",NA,NA,NA,NA,NA
"1521","SAMEA12302754","PI656007","PI656007",NA,NA,"R9188","SAP",NA,NA,0.0953616097,0.01159520194,1.033332,9,"Cultivar",NA,NA,NA,NA,NA,NA,NA
"1522","SAMEA12302533","PI656008","PI656008",NA,NA,"RCV","SAP",NA,NA,0.1997303205,0.01062646955,1.005876,14,"Cultivar",NA,"El Salvador",NA,NA,NA,NA,NA
"1523","SAMEA12302557","PI656009","PI656009",NA,NA,"RTAM428","SAP",NA,NA,0.07747327643,0.01215458217,0.993764,9,"Breeding",NA,"Texas",NA,NA,NA,NA,NA
"1524","ISGI","PI656010","PI656010",NA,NA,"RTx2536","Gates","keep",NA,0.1082086141,0.02063497952,1.181139,8,"Breeding",NA,"Texas",NA,NA,NA,NA,NA
"1525","SAMEA12302669","PI656011","PI656011",NA,NA,"90EON328","SAP",NA,NA,0.104215555,0.01817846135,1.092282,14,"Cultivar",NA,"Texas",NA,NA,NA,NA,NA
"1526","SAMEA12302442","PI656012","PI656012",NA,NA,"90M","SAP",NA,NA,0.4045961983,0.01466677224,0.704959,8,"Breeding",NA,"United States",NA,NA,NA,NA,NA
"1527","SAMEA12302475","PI656013","PI656013",NA,NA,"94Q63","SAP",NA,NA,0.1153284301,0.02238431437,1.11366,15,"Cultivar",NA,"China",NA,NA,NA,NA,NA
"1528","SAMEA12302505","PI656014","PI656014",NA,NA,"Acme Broomcorn","SAP",NA,NA,0.1541091183,0.03444823171,1.148132,3,"Breeding",NA,NA,NA,NA,NA,NA,NA
"1529","SAMEA12302784","PI656016","PI656016",NA,NA,"B KS66","SAP",NA,NA,0.1879111208,0.007122553965,0.908853,14,"Breeding",NA,"Kansas",NA,NA,NA,NA,NA
"1530","SAMEA12302443","PI656017","PI656017",NA,NA,"100M","SAP",NA,NA,0.2038947543,0.01504263007,1.025064,8,"Breeding",NA,"United States",NA,NA,NA,NA,NA
"1531","SAMEA12302730","PI656018","PI656018",NA,NA,"BTx2752","SAP",NA,NA,0.1676877098,0.007927625393,1.114184,8,"Breeding",NA,"Texas",NA,NA,NA,NA,NA
"1532","SAMEA12302745","PI656019","PI656019",NA,NA,"BTx3042","SAP",NA,NA,0.07234174008,0.01020644562,1.080798,8,"Breeding",NA,"Texas",NA,NA,NA,NA,NA
"1533","IFHA","PI656020","PI656020",NA,NA,"BTx406","BAP","keep",NA,0.08092112533,0.0118642731,1.189401,8,"Breeding",NA,"Texas",NA,NA,NA,NA,NA
"1534","SAMEA12302453","PI656021","PI656021",NA,NA,"44M","SAP",NA,NA,0.1475594421,0.01797617291,1.140067,8,"Breeding",NA,NA,NA,NA,NA,NA,NA
"1535","SAMEA12302719","PI656022","PI656022",NA,NA,"BTx615","SAP",NA,NA,0.08475440101,0.009406098821,1.112683,16,"Breeding",NA,"Texas",NA,NA,NA,NA,NA
"1536","ISHA","PI656023","PI656023",NA,NA,"Segaolane","Gates","keep",NA,0.07499460988,0.01330164775,1.13546,16,NA,NA,NA,NA,NA,NA,NA,NA
"1537","IZPY","PI656023","PI656023",NA,NA,"Segaolane","GatesRef","keep",NA,0.07804499696,0.01191587106,1.127171,16,NA,NA,NA,NA,NA,NA,NA,NA
"1538","SAMEA12302523","PI656024","PI656024",NA,NA,"SEPON82","SAP",NA,NA,0.1572781089,0.0119345496,1.068249,14,"Cultivar",NA,NA,NA,NA,NA,NA,NA
"1539","ISHI","PI656025","PI656025",NA,NA,"Shan Qui Red","Gates","keep",NA,0.1105166823,0.02206665948,1.2382,15,"Cultivar",NA,"China",NA,NA,NA,NA,NA
"1540","SAMEA12302527","PI656026","PI656026",NA,NA,"SOBERANO","SAP","keep",NA,0.07140311677,0.0106726503,1.066077,14,"Cultivar",NA,NA,NA,NA,NA,NA,NA
"1541","ISTN","SRN39_R1","PI656027",NA,NA,"SAP-360","Stinga","unresolved",NA,0.08601957915,0.01235373458,1.142851,14,"Cultivar",NA,NA,NA,NA,NA,NA,NA
"1542","ISTP","SRN39_R1","PI656027",NA,NA,"SAP-360","Stinga","unresolved",NA,0.08591658792,0.01224042951,1.141718,14,"Cultivar",NA,NA,NA,NA,NA,NA,NA
"1543","IWCK","PI656027_Niko","PI656027",NA,NA,"SRN39","GatesRef","unresolved",NA,0.09809825346,0.01614800399,1.12183,9,"Cultivar",NA,NA,NA,NA,NA,NA,NA
"1544","SAMEA12302633","PI656027","PI656027",NA,NA,"SRN39","SAP","unresolved",NA,0.1001863354,0.01712256229,1.111665,9,"Cultivar",NA,NA,NA,NA,NA,NA,NA
"1545","SAMEA12302722","PI656028","PI656028",NA,NA,"Town","SAP",NA,NA,0.09913859238,0.01151800934,1.11991,16,"Cultivar",NA,"Botswana",NA,NA,NA,NA,NA
"1546","SAMEA12302488","PI656029","PI656029",NA,NA,"BTx642","SAP","keep",NA,0.1136302951,0.01639761847,1.172809,18,"Breeding",NA,"Texas",NA,NA,NA,NA,NA
"1547","IFLU","PI656030","PI656030",NA,NA,"58M","BAP",NA,NA,0.1237894337,0.02000666892,1.158856,8,"Breeding",NA,"United States",NA,NA,NA,NA,NA
"1548","ITIK","PI656031_Black","PI656031",NA,NA,"CE151-262-A1;IRAT204","GatesRef","unresolved",NA,0.08790941542,0.02206648314,1.058227,18,"Cultivar",NA,NA,NA,NA,NA,NA,NA
"1549","SAMEA12302677","PI656031","PI656031",NA,NA,"CE151-262-A1;IRAT204","SAP","unresolved",NA,0.09227409143,0.01218929706,1.04589,9,"Cultivar",NA,NA,NA,NA,NA,NA,NA
"1550","SAMEA12302755","PI656032","PI656032",NA,NA,"CE260-12-1-1","SAP",NA,NA,0.1146568519,0.02039277723,1.156422,7,"Cultivar",NA,"Senegal",NA,NA,NA,NA,NA
"1551","SAMEA12302444","PI656033","PI656033",NA,NA,"60M","SAP",NA,NA,0.2126191148,0.01536268334,1.013424,8,"Breeding",NA,"United States",NA,NA,NA,NA,NA
"1552","SAMEA12302532","PI656034","PI656034",NA,NA,"Dorado","SAP",NA,NA,0.07133456688,0.02330810687,0.864201,14,"Cultivar",NA,NA,NA,NA,NA,NA,NA
"1553","SAMEA12302545","PI656037","PI656037",NA,NA,"ICSV 401","SAP",NA,NA,0.2556912704,0.009162259532,0.826663,14,"Cultivar",NA,"South Africa",NA,NA,NA,NA,NA
"1554","SAMEA12302724","PI656038","PI656038","IS8525(J)",NA,"IS8525(J)","SAP",NA,NA,0.07825658098,0.01338373995,1.157279,16,"Cultivar",NA,NA,NA,NA,NA,NA,NA
"1555","SAMEA12302535","PI656039","PI656039",NA,NA,"JOCORO","SAP",NA,NA,0.08888040026,0.01355297542,0.986485,14,"Cultivar",NA,NA,NA,NA,NA,NA,NA
"1556","SAMEA12302602","PI656040","PI656040",NA,NA,"K886","SAP",NA,NA,0.1159145705,0.01784247012,1.133797,8,"Cultivar",NA,NA,NA,NA,NA,NA,NA
"1557","SAMEA12302445","PI656041","PI656041",NA,NA,"80M","SAP",NA,NA,0.1872156666,0.01441886204,1.052063,8,"Breeding",NA,"United States",NA,NA,NA,NA,NA
"1558","SAMEA12302742","PI656042","PI656042",NA,NA,"NSA440 - KARPER","SAP",NA,NA,0.08948376134,0.01381263846,1.131981,16,"Cultivar",NA,NA,NA,NA,NA,NA,NA
"1559","SAMEA12302524","PI656043","PI656043",NA,NA,"KAT83369","SAP",NA,NA,0.1023036175,0.01212441409,1.108471,14,"Cultivar",NA,NA,NA,NA,NA,NA,NA
"1560","SAMEA12302525","PI656044","PI656044",NA,NA,"Kuyuma","SAP","keep",NA,0.07821978255,0.01168356808,1.044914,14,"Cultivar",NA,"South Africa",NA,NA,NA,NA,NA
"1561","SAMEA12302503","PI656046","PI656046",NA,NA,"LianTang Ai","SAP",NA,NA,0.1156428944,0.01940319442,1.125437,15,"Cultivar",NA,"China",NA,NA,NA,NA,NA
"1562","SAMEA12302454","PI656047","PI656047",NA,NA,"M35-1","SAP","keep",NA,0.1213000354,0.02282463029,1.163364,2,"Cultivar",NA,"India",NA,NA,NA,NA,NA
"1563","ISII","PI656048","PI656048",NA,NA,"Malisor 84-7","Gates","keep",NA,0.04126437395,0.006055659693,0.958187,14,"Cultivar",NA,"Mali",NA,NA,NA,NA,NA
"1564","SAMEA12302735","PI656049","PI656049",NA,NA,"Marupantse","SAP",NA,NA,0.08013296794,0.01733463517,1.076951,16,"Cultivar",NA,"Botswana",NA,NA,NA,NA,NA
"1565","ITIL","PI656050; David","PI656050",NA,NA,"Mota Maradi","GatesRef","keep",NA,0.1088901198,0.01859988748,1.088888,9,"Cultivar",NA,NA,NA,NA,NA,NA,NA
"1566","IFHH","PI656051","PI656051",NA,NA,"MR732","BAP","keep",NA,0.0899841312,0.01363876903,1.124348,14,"Cultivar",NA,"Niger",NA,NA,NA,NA,NA
"1567","SAMEA12302766","PI656052","PI656052",NA,NA,"N250B","SAP",NA,NA,0.08650053763,0.01185507826,1.167113,8,"Breeding",NA,"Nebraska",NA,NA,NA,NA,NA
"1568","SAMEA12302771","PI656053","PI656053",NA,NA,"N290B","SAP",NA,NA,0.0469609755,0.007283347664,1.062613,9,"Breeding",NA,"Nebraska",NA,NA,NA,NA,NA
"1569","SAMEA12302603","PI656054","PI656054",NA,NA,"N&#39;Tenimissa","SAP",NA,NA,0.103231315,0.01888568876,1.141671,17,"Cultivar",NA,"Mali",NA,NA,NA,NA,NA
"1570","SAMEA12302541","PI656055","PI656055",NA,NA,"P-721","SAP",NA,NA,0.08568670175,0.01559972569,1.260964,14,"Cultivar",NA,"Indiana",NA,NA,NA,NA,NA
"1571","SAMEA12302526","PI656056","PI656056",NA,NA,"P850029","SAP","keep",NA,0.1039574392,0.01202835486,1.17564,14,"Breeding",NA,"Indiana",NA,NA,NA,NA,NA
"1572","SAMEA12302610","PI656057","PI656057",NA,NA,"P898012","SAP","keep",NA,0.0977428866,0.01994603798,1.056527,5,"Cultivar",NA,"Indiana",NA,NA,NA,NA,NA
"1573","SAMEA12302757","PI656058","PI656058",NA,NA,"P9517","SAP",NA,NA,0.08335145755,0.01166457287,1.144949,8,"Breeding",NA,"Indiana",NA,NA,NA,NA,NA
"1574","SAMEA12302542","PI656059","PI656059",NA,NA,"Pinolero 1","SAP",NA,NA,0.3824227479,0.004970083052,0.67362,14,"Cultivar",NA,"Nicaragua",NA,NA,NA,NA,NA
"1575","SAMEA12302711","PI656060","PI656060",NA,NA,"QL3-TEXAS","SAP",NA,NA,0.07268975835,0.01098958147,1.132415,16,"Breeding",NA,NA,NA,NA,NA,NA,NA
"1576","SAMEA12302720","PI656061","PI656061",NA,NA,"QL3(India)","SAP",NA,NA,0.09598884678,0.01199959877,1.13288,16,"Cultivar",NA,"India",NA,NA,NA,NA,NA
"1577","SAMEA12302672","PI656062","PI656062",NA,NA,"96CD635","SAP",NA,NA,0.106087616,0.01834936552,1.085261,14,NA,NA,NA,NA,NA,NA,NA,NA
"1578","SAMEA12302753","PI656063","PI656063",NA,NA,"BQL41","SAP",NA,NA,0.07662838235,0.01245780378,1.010985,9,NA,NA,NA,NA,NA,NA,NA,NA
"1579","SAMEA12302450","PI656064","PI656064",NA,NA,"Chiragon-2","SAP",NA,NA,0.1856839426,0.01635834602,1.083496,2,NA,NA,NA,NA,NA,NA,NA,NA
"1580","SAMEA12302661","PI656065","PI656065",NA,NA,"Koro Kollo","SAP","keep",NA,0.1153430718,0.01617790739,1.020861,19,NA,NA,NA,NA,NA,NA,NA,NA
"1581","SAMEA12302506","PI656066","PI656066",NA,NA,"Lakahiri","SAP",NA,NA,0.1497058414,0.01767725605,1.212863,13,NA,NA,NA,NA,NA,NA,NA,NA
"1582","SAMEA12302467","PI656067","PI656067",NA,NA,"Rambharose","SAP",NA,NA,0.1352384029,0.0210369598,1.158463,2,NA,NA,NA,NA,NA,NA,NA,NA
"1583","SAMEA12302534","PI656068","PI656068",NA,NA,"SC 170-6-17","SAP",NA,NA,0.07711943474,0.01215235586,1.188214,14,NA,NA,NA,NA,NA,NA,NA,NA
"1584","SAMEA12302696","PI656069","PI656069",NA,NA,"SC 326-6","SAP",NA,NA,0.09989131015,0.01044809852,0.973721,9,NA,NA,NA,NA,NA,NA,NA,NA
"1585","SAMEA12302695","PI656070","PI656070",NA,NA,"SC 748-5","SAP",NA,NA,0.07801901344,0.01370485363,1.019707,9,NA,NA,NA,NA,NA,NA,NA,NA
"1586","SAMEA12302624","PI656071","PI656071",NA,NA,"SC 1019","SAP",NA,NA,0.1563562626,0.0126730805,1.005259,9,"Breeding",NA,NA,NA,NA,NA,NA,NA
"1587","ISIR","PI656072","PI656072",NA,NA,"SC 1047","Gates","keep",NA,0.1125227096,0.02136318572,1.21935,18,"Breeding",NA,NA,NA,NA,NA,NA,NA
"1588","SAMEA12302670","PI656073","PI656073",NA,NA,"SC 1074","SAP",NA,NA,0.1191690267,0.0173733529,1.021087,19,"Breeding",NA,NA,NA,NA,NA,NA,NA
"1589","ISJA","PI656074","PI656074",NA,NA,"SC 1218","Gates","keep",NA,0.0970833989,0.01850347581,1.078261,19,"Breeding",NA,NA,NA,NA,NA,NA,NA
"1590","SAMEA12302679","PI656075","PI656075",NA,NA,"SC 1251","SAP",NA,NA,0.09043893978,0.01384034507,1.059814,9,"Breeding",NA,NA,NA,NA,NA,NA,NA
"1591","SAMEA12302538","PI656076","PI656076",NA,NA,"SC 1271","SAP",NA,NA,0.1032535272,0.01352111484,1.119224,14,"Breeding",NA,NA,NA,NA,NA,NA,NA
"1592","SAMEA12302507","PI656077","PI656077",NA,NA,"SC 1416","SAP",NA,NA,0.106327707,0.01995863283,1.096801,8,"Breeding",NA,NA,NA,NA,NA,NA,NA
"1593","SAMEA12302587","PI656078","PI656078",NA,NA,"SC 1424","SAP",NA,NA,0.2261673413,0.02086471985,1.655156,9,"Breeding",NA,NA,NA,NA,NA,NA,NA
"1594","ISJI","PI656079","PI656079",NA,NA,"SC 1426","Gates","keep",NA,0.09419348845,0.01831175987,1.210439,17,"Breeding",NA,NA,NA,NA,NA,NA,NA
"1595","SAMEA12302763","PI656080","PI656080",NA,NA,"SC 1429","SAP",NA,NA,0.0853189948,0.01546678937,1.162611,7,"Breeding",NA,NA,NA,NA,NA,NA,NA
"1596","ISJR","PI656081","PI656081",NA,NA,"SC 1439","Gates","keep",NA,0.1451606118,0.03320446104,2.26074,10,"Breeding",NA,NA,NA,NA,NA,NA,NA
"1597","SAMEA12302478","PI656082","PI656082",NA,NA,"SC 145","SAP",NA,NA,0.2140115207,0.0160609807,1.077413,18,"Breeding",NA,NA,NA,NA,NA,NA,NA
"1598","SAMEA12302787","PI656083","PI656083",NA,NA,"SC 1451","SAP",NA,NA,0.05533978577,0.04185462333,0.604948,9,"Breeding",NA,NA,NA,NA,NA,NA,NA
"1599","SAMEA12302818","PI656085","PI656085",NA,NA,"SC 1465","SAP",NA,NA,0.09114091066,0.01555677323,1.035595,9,"Breeding",NA,NA,NA,NA,NA,NA,NA
"1600","SAMEA12302837","PI656086","PI656086",NA,NA,"SC 1471","SAP",NA,NA,0.1072348839,0.01848103948,1.175789,13,"Breeding",NA,NA,NA,NA,NA,NA,NA
"1601","SAMEA12302799","PI656087","PI656087",NA,NA,"SC 1476","SAP",NA,NA,0.09190671724,0.01448271046,1.097774,19,"Breeding",NA,NA,NA,NA,NA,NA,NA
"1602","SAMEA12302446","PI656088","PI656088",NA,NA,"SC 1484","SAP",NA,NA,0.1316261951,0.02332475696,1.17961,18,"Breeding",NA,NA,NA,NA,NA,NA,NA
"1603","SAMEA12302459","PI656089","PI656089",NA,NA,"SC 1489","SAP",NA,NA,0.1312942605,0.02359180737,1.181923,18,"Breeding",NA,NA,NA,NA,NA,NA,NA
"1604","SAMEA12302657","PI656090","PI656090",NA,NA,"SC 1494","SAP",NA,NA,0.1268707126,0.02353215134,1.280529,19,"Breeding",NA,NA,NA,NA,NA,NA,NA
"1605","SAMEA12302464","PI656091","PI656091",NA,NA,"SC 22","SAP",NA,NA,0.1203654053,0.02351249838,1.135387,18,"Breeding",NA,NA,NA,NA,NA,NA,NA
"1606","SAMEA12302484","PI656092","PI656092",NA,NA,"SC 25","SAP",NA,NA,0.1745062335,0.01448945911,1.084232,18,"Breeding",NA,NA,NA,NA,NA,NA,NA
"1607","SAMEA12302584","PI656093","PI656093",NA,NA,"SC 295","SAP",NA,NA,0.2946441652,0.01137793871,0.88979,4,"Breeding",NA,NA,NA,NA,NA,NA,NA
"1608","SAMEA12302570","PI656094","PI656094",NA,NA,"SC 301","SAP",NA,NA,0.1284049324,0.016193855,1.202713,9,"Breeding",NA,NA,NA,NA,NA,NA,NA
"1609","SAMEA12302578","PI656095","PI656095",NA,NA,"SC 373","SAP",NA,NA,0.1428677122,0.01809065652,1.241124,20,"Breeding",NA,NA,NA,NA,NA,NA,NA
"1610","SAMEA12302573","PI656096","PI656096",NA,NA,"SC 391","SAP",NA,NA,0.1065494959,0.01831583336,1.331392,20,"Breeding",NA,NA,NA,NA,NA,NA,NA
"1611","SAMEA12302468","PI656097","PI656097",NA,NA,"SC 480","SAP",NA,NA,0.189774724,0.01271889185,1.05903,2,"Breeding",NA,NA,NA,NA,NA,NA,NA
"1612","SAMEA12302625","PI656098","PI656098",NA,NA,"SC 49","SAP",NA,NA,0.09351417343,0.01532475065,1.002149,9,"Breeding",NA,NA,NA,NA,NA,NA,NA
"1613","SAMEA12302455","PI656099","PI656099",NA,NA,"SC 498","SAP",NA,NA,0.1205066647,0.02049114799,1.138744,2,"Breeding",NA,NA,NA,NA,NA,NA,NA
"1614","SAMEA12302452","PI656100","PI656100",NA,NA,"SC 500","SAP",NA,NA,0.1196990127,0.02085385899,1.183365,2,"Breeding",NA,NA,NA,NA,NA,NA,NA
"1615","SAMEA12302652","PI656101","PI656101",NA,NA,"SC 525","SAP",NA,NA,0.2513588727,0.01325347703,0.812638,19,"Breeding",NA,NA,NA,NA,NA,NA,NA
"1616","SAMEA12302788","PI656102","PI656102",NA,NA,"SC 59","SAP",NA,NA,0.4568237301,0.009570108848,0.643182,1,"Breeding",NA,NA,NA,NA,NA,NA,NA
"1617","SAMEA12302487","PI656103","PI656103",NA,NA,"SC 610","SAP",NA,NA,0.1030165974,0.01766783393,1.200209,15,"Breeding",NA,NA,NA,NA,NA,NA,NA
"1618","SAMEA12302514","PI656104","PI656104",NA,NA,"SC 621","SAP",NA,NA,0.1349642865,0.04124136774,0.730409,2,"Breeding",NA,NA,NA,NA,NA,NA,NA
"1619","SAMEA12302653","PI656105","PI656105",NA,NA,"SC 639","SAP",NA,NA,0.08963347853,0.01358313344,0.998611,9,"Breeding",NA,NA,NA,NA,NA,NA,NA
"1620","SAMEA12302691","PI656106","PI656106",NA,NA,"SC 695","SAP",NA,NA,0.07873648569,0.01249401639,1.005381,9,"Breeding",NA,NA,NA,NA,NA,NA,NA
"1621","SAMEA12302676","PI656107","PI656107",NA,NA,"SC 702","SAP",NA,NA,0.1003353315,0.02038994424,1.012176,19,"Breeding",NA,NA,NA,NA,NA,NA,NA
"1622","SAMEA12302480","PI656108","PI656108",NA,NA,"SC 833","SAP",NA,NA,0.2382385284,0.01413076779,0.95955,2,"Breeding",NA,NA,NA,NA,NA,NA,NA
"1623","IXYF","PI656111","PI656111",NA,NA,"SC 971","GatesRef","keep",NA,0.09450531837,0.01494116773,1.088345,9,"Breeding",NA,NA,NA,NA,NA,NA,NA
"1624","SAMEA12302752","PI656112","PI656112",NA,NA,"SC 1215","SAP",NA,NA,0.09976746556,0.01565231041,1.114063,16,"Breeding",NA,NA,NA,NA,NA,NA,NA
"1625","SAMEA12302516","PI656113","PI656113",NA,NA,"SC 1277","SAP",NA,NA,0.1088591448,0.02267806665,1.232178,2,"Breeding",NA,NA,NA,NA,NA,NA,NA
"1626","SAMEA12302828","PI656114","PI656114",NA,NA,"SC 134","SAP",NA,NA,0.08602612355,0.01974131036,0.971766,9,"Breeding",NA,NA,NA,NA,NA,NA,NA
"1627","SAMEA12302518","PI656115","PI656115",NA,NA,"SC 1440","SAP",NA,NA,0.1215208814,0.02023594657,1.127056,8,"Breeding",NA,NA,NA,NA,NA,NA,NA
"1628","SAMEA12302814","PI656116","PI656116",NA,NA,"SC 1506","SAP",NA,NA,0.08713881146,0.03019397561,1.091235,9,"Breeding",NA,NA,NA,NA,NA,NA,NA
"1629","SAMEA12302616","PI656118","PI656118",NA,NA,"SC 332","SAP",NA,NA,0.09387017809,0.01615959999,1.01909,9,"Breeding",NA,NA,NA,NA,NA,NA,NA
"1630","SAMEA12302586","PI656119","PI656119",NA,NA,"SC 386","SAP",NA,NA,0.1205388598,0.02195857584,1.304218,4,"Breeding",NA,NA,NA,NA,NA,NA,NA
"1631","SAMEA12302795","PI656120","PI656120",NA,NA,"SC 790","SAP",NA,NA,0.12403166,0.01410984647,1.105545,9,"Breeding",NA,NA,NA,NA,NA,NA,NA
"1632","SAMEA12302826","PI656121","PI656121",NA,NA,"SC 947","SAP",NA,NA,0.1255931666,0.01523921415,1.10774,9,"Breeding",NA,NA,NA,NA,NA,NA,NA
"1633","SAMEA12302530","PI659691","PI659691",NA,NA,"COMBINE HEGARI","SAP",NA,NA,0.1026571819,0.01012961593,0.99473,14,"Breeding",NA,"Texas",NA,NA,NA,NA,NA
"1634","SAMEA12302460","PI659695","PI659695","IS12623C",NA,"IS12623C","SAP",NA,NA,0.1278246432,0.02308567469,1.224842,18,"Breeding",NA,NA,NA,NA,NA,NA,NA
"1635","SAMEA12302680","PI659696","PI659696","IS7151C",NA,"IS7151C","SAP",NA,NA,0.09804697969,0.01699328047,1.005846,5,"Breeding",NA,NA,NA,NA,NA,NA,NA
"1636","SAMEA12302479","PI659753","PI659753","IS5590C",NA,"IS5590C","SAP",NA,NA,0.1084950983,0.01883087693,1.205175,2,"Breeding",NA,NA,NA,NA,NA,NA,NA
"1637","IUIW","PI660557_Joy","PI660557","IS6705",NA,"IS6705","GatesRef",NA,NA,0.1136054762,0.01813273769,1.185646,17,"Landrace",NA,"Burkina Faso",NA,NA,NA,NA,NA
"1638","IXYG","PI660563","PI660563","IS7173",NA,"IS7173","GatesRef",NA,NA,0.1100273215,0.01910331389,1.236643,7,"Landrace",NA,"Tanzania",NA,NA,NA,NA,NA
"1639","IXYE","PI660565","PI660565",NA,NA,"Kamjin","GatesRef","keep",NA,0.1839424924,0.03144153134,2.302772,10,NA,"Guinea (outlier)","Nigeria",NA,NA,NA,NA,NA
"1640","SRR8474778","SRR8474778","PI660582",NA,NA,"Faria bomkum","TERRA_new",NA,NA,0.3845838166,0.01446807586,0.781742,9,NA,"Caudatum","Nigeria",NA,NA,NA,NA,NA
"1641","ISKA","PI660590","PI660590","IS7254",NA,"IS7254","Gates","keep",NA,0.1032426845,0.0184429235,1.278897,4,"Breeding","Guinea","Nigeria",NA,NA,NA,NA,NA
"1642","SRR8474801","SRR8474801","PI660597",NA,NA,"Kanura maima-saba","TERRA_new",NA,NA,0.4531532882,0.01270166248,0.631415,5,NA,"Caudatum","Nigeria",NA,NA,NA,NA,NA
"1643","SRR8474799","SRR8474799","PI660602",NA,NA,"Kaura","TERRA_new",NA,NA,0.4024219853,0.02086145566,0.551712,4,NA,"Guinea","Nigeria",NA,NA,NA,NA,NA
"1644","SRR8474798","SRR8474798","PI660606","IS8100",NA,"A 96","TERRA_new",NA,NA,0.3177516356,0.0125122852,0.784042,19,"Breeding","Caudatum","Japan",NA,NA,NA,NA,NA
"1645","SRR8474797","SRR8474797","PI660608",NA,NA,"Cholia talijhari","TERRA_new",NA,NA,0.1868260803,0.01584650647,1.026059,7,NA,"Kafir","India",NA,NA,NA,NA,NA
"1646","SRR8474682","SRR8474682","PI660615",NA,NA,"Jowar tamargundi","TERRA_new",NA,NA,0.3412212391,0.01493224888,0.920057,2,NA,"Durra","India",NA,NA,NA,NA,NA
"1647","SRR8474763","SRR8474763","PI660622",NA,NA,"NSL102183; CACHO DE CHIVO","TERRA_new",NA,NA,0.4147797953,0.01096834809,0.656842,19,NA,NA,NA,NA,NA,NA,NA,NA
"1648","SRR8474679","SRR8474679","PI660643",NA,NA,"Gadu umel Tatil","TERRA_new",NA,NA,0.2800951989,0.01611823493,1.073631,13,NA,"Caudatum","Sudan",NA,NA,NA,NA,NA
"1649","SRR8474768","SRR8474768","PI665092","IS1207",NA,"AS 6468","TERRA_new",NA,NA,0.3790135831,0.01535108725,0.831334,7,"Landrace","Kafir","Malawi",NA,NA,NA,NA,NA
"1650","JHIM","IS14308","PI668660","IS14308",NA,"HD-037","Gates",NA,NA,0.1019170538,0.01987321027,1.171548,7,"Landrace",NA,"South Africa",NA,NA,NA,NA,NA
"1651","ISGJ","PI668810","PI668810",NA,NA,"Red jaunpur","Gates",NA,NA,0.1164522102,0.02452527633,1.231911,2,NA,NA,"Pakistan",NA,NA,NA,NA,NA
"1652","IQUZ","PI669779","PI669779",NA,NA,"HD-018","Gates",NA,NA,0.08678810332,0.01471242041,1.070681,5,NA,NA,"South Africa",NA,NA,NA,NA,NA
"1653","IFGS","PI673843","PI673843",NA,NA,"Swawaya #1","BAP",NA,NA,0.1079333885,0.01897805422,1.135648,5,NA,NA,"Sudan",NA,NA,NA,NA,NA
"1654","JHFI","IS15526","PI676900","IS15526",NA,"2-4-7-4;PURDUE NO 49748","Gates",NA,NA,0.1053254699,0.01999352264,1.109186,5,"Landrace",NA,"Cameroon",NA,NA,NA,NA,NA
"1655","JHFL","IS15443","PI676930","IS15443",NA,"2-1-18-1;PURDUE NO 49666","Gates",NA,NA,0.1017510033,0.02022403708,1.077929,5,"Landrace",NA,"Cameroon",NA,NA,NA,NA,NA
"1656","ISGS","PI678885","PI678885",NA,NA,"PURDUE NO 49616","Gates",NA,NA,0.11512303,0.01988339896,1.258524,4,NA,NA,NA,NA,NA,NA,NA,NA
"1657","JHFF","IS16044","PI679154","IS16044",NA,"4-3-26-3;PURDUE NO 50251","Gates",NA,NA,0.1075643782,0.02194462683,1.069162,5,"Landrace",NA,"Cameroon",NA,NA,NA,NA,NA
"1658","JHFG","IS16125","PI679163","IS16125",NA,"3-2-1-1;PURDUE NO 50350","Gates",NA,NA,0.1063475344,0.01810710956,1.052458,19,"Landrace",NA,"Cameroon",NA,NA,NA,NA,NA
"1659","JHFE","IS15752","PI680345","IS15752",NA,"4-1-7-12;PURDUE NO 49982","Gates",NA,NA,0.1077878863,0.01982172072,1.047015,5,"Landrace",NA,"Cameroon",NA,NA,NA,NA,NA
"1660","JHFJ","IS16545","PI680515","IS16545",NA,"4-3-12-1;PURDUE NO 50830","Gates",NA,NA,0.1186369053,0.01715155664,1.089862,5,"Landrace",NA,"Cameroon",NA,NA,NA,NA,NA
"1661","JHFK","IS14963","PI680552","IS14963",NA,"1-2-11-14;PURDUE NO 49184","Gates",NA,NA,0.1066392597,0.020628219,1.117149,5,"Landrace",NA,"Cameroon",NA,NA,NA,NA,NA
"1662","JHFM","IS8283","PI681371","IS8283",NA,"74L 12132; NSL 87773","Gates",NA,NA,0.1069197541,0.01945720281,1.105006,1,"Breeding",NA,"Uganda",NA,NA,NA,NA,NA
"1663","JHFC","IS10971","PI682603","IS10971",NA,NA,"Gates",NA,NA,0.1209443635,0.02208567715,1.184356,18,"Landrace",NA,"United States",NA,NA,NA,NA,NA
"1664","JHER","IS2787","PI682935","IS2787",NA,"Muthio ex kasumgani","Gates",NA,NA,0.1007625482,0.01830219565,1.049125,5,"Landrace",NA,"Kenya",NA,NA,NA,NA,NA
"1665","JHET","IS7125","PI683010","IS7125",NA,"Meringu white","Gates",NA,NA,0.1085820613,0.02163118988,1.075015,5,"Landrace",NA,"Somalia",NA,NA,NA,NA,NA
"1666","JHFD","IS10978","PI683172","IS10978",NA,NA,"Gates",NA,NA,0.1261906488,0.02484719249,1.312672,18,"Landrace",NA,"United States",NA,NA,NA,NA,NA
"1667","SRR8474765","SRR8474765","PI683478","IS17547",NA,"NSL365712; Safra","TERRA_new",NA,NA,0.419096331,0.01402366872,0.712901,18,NA,NA,NA,NA,NA,NA,NA,NA
"1668","JHIH","IS901","PI683750","IS901",NA,NA,"Gates",NA,NA,0.1126242865,0.02074231755,1.228891,15,"Breeding",NA,"Mexico",NA,NA,NA,NA,NA
"1669","JHEX","IS8218","PI684224","IS8218",NA,"S 6;EC 21415","Gates",NA,NA,0.09892983688,0.01828863637,1.032126,5,"Breeding",NA,"Uganda",NA,NA,NA,NA,NA
"1670","ISIJ","SC0604","PI684560","IS7179",NA,"SC 604","Gates",NA,NA,0.08394214578,0.01434413848,1.106369,9,"Breeding",NA,"Malawi",NA,NA,NA,NA,NA
"1671","JHIN","IS8064","PI685129","IS8064",NA,NA,"Gates",NA,NA,0.1020606703,0.02133079636,1.178478,7,"Breeding",NA,"Japan",NA,NA,NA,NA,NA
"1672","JHFH","IS16173","PI685409","IS16173",NA,"4-1-3-15; PURDUE NO 50387","Gates",NA,NA,0.1103324961,0.02095669399,1.102785,5,"Landrace",NA,"Cameroon",NA,NA,NA,NA,NA
"1673","JHEZ","IS10801","PI700591","IS10801",NA,"No. 1241;D. jabao","Gates",NA,NA,0.1169675823,0.02184332607,1.184216,2,"Landrace",NA,"Chad",NA,NA,NA,NA,NA
"1674","IQWA","PI82335","PI82335",NA,NA,"KAOLIANG-WX","Gates",NA,NA,0.1140150563,0.02052661315,1.240025,15,NA,"Guinea-bicolor","Korea",NA,NA,NA,NA,NA
"1675","ISHB","PI88007","PI88007",NA,NA,"Bangu manguisusu","Gates",NA,NA,0.1040052743,0.02260463907,1.305683,15,NA,NA,"Korea",NA,NA,NA,NA,NA
"1676","IQWB","PI88022","PI88022",NA,NA,"KAOLIANG","Gates",NA,NA,0.237173953,0.01215118168,0.995558,15,NA,NA,"Korea",NA,NA,NA,NA,NA
